Date,Time,Open,High,Low,Close,Volume,Pos_Rel_To_MA_10,Pos_Rel_To_MA_20,5_Period_Trend,10_Period_Trend,CandleStick_Pattern,Class_10_pips
2017.01.05,1:00,1.04863,1.05014,1.04807,1.04968,2505,ABOVE,ABOVE,RANGING,RANGING,NONE,+10pips
2017.01.05,2:00,1.04969,1.05404,1.04961,1.05402,9136,ABOVE,ABOVE,RANGING,RANGING,NONE,-10pips
2017.01.05,3:00,1.05406,1.05407,1.051,1.05194,6198,ABOVE,ABOVE,RANGING,RANGING,NONE,RANGING
2017.01.05,4:00,1.05194,1.05286,1.05112,1.05149,4274,ABOVE,ABOVE,RANGING,RANGING,NONE,+10pips
2017.01.05,5:00,1.05145,1.05272,1.05138,1.05202,3772,ABOVE,ABOVE,RANGING,RANGING,NONE,RANGING
2017.01.05,6:00,1.05203,1.05287,1.05176,1.05263,2653,ABOVE,ABOVE,RANGING,RANGING,NONE,+10pips
2017.01.05,7:00,1.05262,1.05635,1.05236,1.05414,6149,ABOVE,ABOVE,RANGING,RANGING,NONE,+10pips
2017.01.05,8:00,1.05412,1.05748,1.05405,1.05666,5738,ABOVE,ABOVE,UPTREND,RANGING,NONE,-10pips
2017.01.05,9:00,1.05665,1.05688,1.05431,1.05594,7276,ABOVE,ABOVE,RANGING,RANGING,NONE,+10pips
2017.01.05,10:00,1.05593,1.05701,1.05047,1.05152,9355,BELOW,ABOVE,RANGING,RANGING,NONE,-10pips
2017.01.05,11:00,1.05152,1.05235,1.05014,1.05046,6339,BELOW,BELOW,RANGING,RANGING,NONE,-10pips
2017.01.05,12:00,1.05046,1.05135,1.04876,1.04887,4669,BELOW,BELOW,DOWNTREND,RANGING,NONE,+10pips
2017.01.05,13:00,1.04886,1.05012,1.04825,1.04936,4280,BELOW,BELOW,RANGING,RANGING,NONE,+10pips
2017.01.05,14:00,1.04936,1.05183,1.04918,1.05015,4808,BELOW,BELOW,RANGING,RANGING,BULLISH_ENGULFING,+10pips
2017.01.05,15:00,1.05014,1.05426,1.04936,1.05306,9319,ABOVE,ABOVE,RANGING,RANGING,BULLISH_ENGULFING,+10pips
2017.01.05,16:00,1.05305,1.0551,1.0528,1.05448,7395,ABOVE,ABOVE,UPTREND,RANGING,BULLISH_ENGULFING,+10pips
2017.01.05,17:00,1.05456,1.0609,1.05361,1.06027,12171,ABOVE,ABOVE,UPTREND,RANGING,NONE,+10pips
2017.01.05,18:00,1.06026,1.06153,1.05859,1.05988,9428,ABOVE,ABOVE,RANGING,RANGING,BULLISH_ENGULFING,RANGING
2017.01.05,19:00,1.05988,1.06013,1.05918,1.05983,3838,ABOVE,ABOVE,RANGING,RANGING,NONE,RANGING
2017.01.05,20:00,1.05984,1.06074,1.05907,1.05997,3330,ABOVE,ABOVE,RANGING,RANGING,NONE,-10pips
2017.01.05,21:00,1.05999,1.06011,1.05869,1.05918,2767,ABOVE,ABOVE,RANGING,RANGING,NONE,RANGING
2017.01.05,22:00,1.05919,1.05994,1.05886,1.0599,1963,ABOVE,ABOVE,RANGING,RANGING,NONE,+10pips
2017.01.05,23:00,1.05991,1.06096,1.05991,1.06062,1697,ABOVE,ABOVE,RANGING,RANGING,NONE,RANGING
2017.01.06,0:00,1.06048,1.06078,1.05986,1.06021,1568,ABOVE,ABOVE,RANGING,RANGING,BULLISH_ENGULFING,+10pips
2017.01.06,1:00,1.06036,1.0613,1.06024,1.06038,2917,ABOVE,ABOVE,RANGING,RANGING,NONE,-10pips
2017.01.06,2:00,1.06039,1.06071,1.05855,1.05904,5343,BELOW,ABOVE,RANGING,RANGING,NONE,-10pips
2017.01.06,3:00,1.05904,1.05916,1.05757,1.05837,5671,BELOW,ABOVE,RANGING,RANGING,NONE,RANGING
2017.01.06,4:00,1.05835,1.05933,1.05796,1.05873,3764,BELOW,ABOVE,RANGING,RANGING,NONE,RANGING
2017.01.06,5:00,1.05873,1.05921,1.05802,1.05886,2651,BELOW,ABOVE,RANGING,RANGING,BULLISH_ENGULFING,-10pips
2017.01.06,6:00,1.05886,1.05912,1.0578,1.05804,2372,BELOW,ABOVE,RANGING,RANGING,NONE,RANGING
2017.01.06,7:00,1.05803,1.0583,1.05766,1.05826,2256,BELOW,ABOVE,RANGING,RANGING,NONE,RANGING
2017.01.06,8:00,1.05825,1.0588,1.0575,1.05788,2392,BELOW,ABOVE,RANGING,RANGING,NONE,+10pips
2017.01.06,9:00,1.05789,1.05906,1.05742,1.05842,4039,BELOW,ABOVE,RANGING,RANGING,NONE,+10pips
2017.01.06,10:00,1.05843,1.05978,1.05812,1.05937,3979,ABOVE,ABOVE,RANGING,RANGING,NONE,+10pips
2017.01.06,11:00,1.05936,1.06085,1.05867,1.0601,4778,ABOVE,ABOVE,RANGING,RANGING,BULLISH_ENGULFING,-10pips
2017.01.06,12:00,1.06011,1.06075,1.05896,1.0606,4122,ABOVE,ABOVE,UPTREND,RANGING,NONE,-10pips
2017.01.06,13:00,1.0606,1.06061,1.05836,1.05861,3561,BELOW,BELOW,RANGING,RANGING,NONE,-10pips
2017.01.06,14:00,1.0586,1.05868,1.05707,1.05798,3651,BELOW,BELOW,RANGING,RANGING,NONE,+10pips
2017.01.06,15:00,1.058,1.06212,1.05393,1.05437,13930,BELOW,BELOW,RANGING,RANGING,NONE,+10pips
2017.01.06,16:00,1.05442,1.05692,1.05355,1.05584,10223,BELOW,BELOW,RANGING,RANGING,NONE,+10pips
2017.01.06,17:00,1.05583,1.05829,1.05489,1.0573,7927,BELOW,BELOW,RANGING,RANGING,BULLISH_ENGULFING,-10pips
2017.01.06,18:00,1.05731,1.05826,1.05511,1.05587,6206,BELOW,BELOW,RANGING,RANGING,NONE,-10pips
2017.01.06,19:00,1.05586,1.05619,1.05357,1.05497,3950,BELOW,BELOW,RANGING,RANGING,NONE,-10pips
2017.01.06,20:00,1.05498,1.0552,1.05252,1.05258,2879,BELOW,BELOW,RANGING,RANGING,NONE,RANGING
2017.01.06,21:00,1.05257,1.05343,1.0525,1.05311,2318,BELOW,BELOW,RANGING,RANGING,NONE,RANGING
2017.01.06,22:00,1.05313,1.05355,1.05277,1.05342,1556,BELOW,BELOW,RANGING,RANGING,NONE,RANGING
2017.01.06,23:00,1.05341,1.05355,1.05294,1.05319,1561,BELOW,BELOW,RANGING,RANGING,NONE,RANGING
2017.01.09,0:00,1.05285,1.05334,1.0528,1.05323,859,BELOW,BELOW,RANGING,RANGING,NONE,RANGING
2017.01.09,1:00,1.05323,1.05358,1.05257,1.05294,2070,BELOW,BELOW,RANGING,RANGING,NONE,RANGING
2017.01.09,2:00,1.05294,1.05359,1.05222,1.05351,3155,BELOW,BELOW,RANGING,RANGING,NONE,RANGING
2017.01.09,3:00,1.0535,1.05445,1.05345,1.05421,3261,ABOVE,BELOW,RANGING,RANGING,NONE,RANGING
2017.01.09,4:00,1.05422,1.05425,1.05325,1.05325,2139,BELOW,BELOW,RANGING,RANGING,NONE,RANGING
2017.01.09,5:00,1.05324,1.05348,1.05263,1.05297,2245,BELOW,BELOW,RANGING,RANGING,NONE,RANGING
2017.01.09,6:00,1.05298,1.053,1.05237,1.05264,2007,BELOW,BELOW,RANGING,RANGING,NONE,RANGING
2017.01.09,7:00,1.05263,1.05322,1.05166,1.05237,2905,BELOW,BELOW,DOWNTREND,RANGING,NONE,+10pips
2017.01.09,8:00,1.05238,1.05366,1.05191,1.05329,2252,ABOVE,BELOW,RANGING,RANGING,NONE,RANGING
2017.01.09,9:00,1.05328,1.05411,1.05292,1.05372,3899,ABOVE,BELOW,RANGING,RANGING,NONE,+10pips
2017.01.09,10:00,1.05373,1.0556,1.05345,1.05481,5607,ABOVE,ABOVE,RANGING,RANGING,NONE,-10pips
2017.01.09,11:00,1.05479,1.05523,1.05235,1.05242,6291,BELOW,BELOW,RANGING,RANGING,NONE,-10pips
2017.01.09,12:00,1.0524,1.05254,1.05108,1.05182,4876,BELOW,BELOW,RANGING,RANGING,NONE,+10pips
2017.01.09,13:00,1.05184,1.05327,1.05125,1.05243,6022,BELOW,BELOW,RANGING,RANGING,NONE,RANGING
2017.01.09,14:00,1.05243,1.05315,1.052,1.05223,4033,BELOW,BELOW,RANGING,RANGING,NONE,+10pips
2017.01.09,15:00,1.0522,1.05419,1.05127,1.05347,6234,ABOVE,ABOVE,RANGING,RANGING,NONE,+10pips
2017.01.09,16:00,1.05346,1.05488,1.05246,1.05307,7083,ABOVE,BELOW,RANGING,RANGING,NONE,+10pips
2017.01.09,17:00,1.05307,1.05638,1.05285,1.05552,6244,ABOVE,ABOVE,RANGING,RANGING,NONE,+10pips
2017.01.09,18:00,1.05553,1.05831,1.05545,1.05755,6270,ABOVE,ABOVE,RANGING,RANGING,NONE,-10pips
2017.01.09,19:00,1.05754,1.05788,1.05615,1.05707,3264,ABOVE,ABOVE,RANGING,RANGING,NONE,RANGING
2017.01.09,20:00,1.05707,1.05775,1.05634,1.05642,2063,ABOVE,ABOVE,RANGING,RANGING,NONE,+10pips
2017.01.09,21:00,1.05639,1.05783,1.05622,1.05776,1836,ABOVE,ABOVE,RANGING,RANGING,NONE,-10pips
2017.01.09,22:00,1.0578,1.05781,1.05578,1.05689,2296,ABOVE,ABOVE,RANGING,RANGING,NONE,RANGING
2017.01.09,23:00,1.05689,1.05747,1.05669,1.05714,1228,ABOVE,ABOVE,RANGING,RANGING,NONE,+10pips
2017.01.10,0:00,1.05733,1.05887,1.057,1.05841,1955,ABOVE,ABOVE,RANGING,RANGING,NONE,RANGING
2017.01.10,1:00,1.05841,1.05892,1.05823,1.05857,2410,ABOVE,ABOVE,RANGING,RANGING,NONE,+10pips
2017.01.10,2:00,1.05857,1.05995,1.05841,1.059,3977,ABOVE,ABOVE,UPTREND,RANGING,NONE,-10pips
2017.01.10,3:00,1.05899,1.05951,1.05757,1.05787,4187,ABOVE,ABOVE,RANGING,RANGING,NONE,+10pips
2017.01.10,4:00,1.05787,1.06117,1.0576,1.06068,6581,ABOVE,ABOVE,RANGING,RANGING,NONE,+10pips
2017.01.10,5:00,1.06068,1.0627,1.06044,1.06157,6949,ABOVE,ABOVE,RANGING,RANGING,NONE,RANGING
2017.01.10,6:00,1.06156,1.06193,1.06073,1.0608,4526,ABOVE,ABOVE,RANGING,RANGING,NONE,RANGING
2017.01.10,7:00,1.06083,1.06142,1.06028,1.06097,4306,ABOVE,ABOVE,RANGING,RANGING,NONE,-10pips
2017.01.10,8:00,1.06095,1.06158,1.05936,1.05953,4113,ABOVE,ABOVE,RANGING,RANGING,NONE,RANGING
2017.01.10,9:00,1.05952,1.06035,1.05893,1.05981,5096,ABOVE,ABOVE,RANGING,RANGING,NONE,+10pips
2017.01.10,10:00,1.05978,1.06202,1.05871,1.06039,7407,ABOVE,ABOVE,RANGING,RANGING,NONE,-10pips
2017.01.10,11:00,1.06038,1.06067,1.05901,1.05964,5404,BELOW,ABOVE,RANGING,RANGING,NONE,-10pips
2017.01.10,12:00,1.05966,1.06002,1.05801,1.05913,4530,BELOW,ABOVE,RANGING,RANGING,NONE,-10pips
2017.01.10,13:00,1.0591,1.05911,1.05771,1.05783,3437,BELOW,BELOW,RANGING,RANGING,NONE,-10pips
2017.01.10,14:00,1.05783,1.05849,1.05623,1.05687,5056,BELOW,BELOW,DOWNTREND,RANGING,NONE,-10pips
2017.01.10,15:00,1.05688,1.05767,1.05586,1.05747,4870,BELOW,BELOW,RANGING,RANGING,NONE,+10pips
2017.01.10,16:00,1.05746,1.06048,1.05695,1.05953,6615,ABOVE,ABOVE,RANGING,RANGING,NONE,-10pips
2017.01.10,17:00,1.05954,1.06024,1.05713,1.05934,6896,ABOVE,ABOVE,RANGING,RANGING,NONE,-10pips
2017.01.10,18:00,1.05934,1.05982,1.05681,1.05719,5981,BELOW,BELOW,RANGING,RANGING,NONE,-10pips
2017.01.10,19:00,1.05719,1.05752,1.05509,1.05611,3693,BELOW,BELOW,RANGING,RANGING,NONE,RANGING
2017.01.10,20:00,1.05608,1.05645,1.05561,1.05586,2381,BELOW,BELOW,DOWNTREND,RANGING,NONE,RANGING
2017.01.10,21:00,1.05587,1.05632,1.05552,1.05581,2305,BELOW,BELOW,DOWNTREND,RANGING,NONE,RANGING
2017.01.10,22:00,1.05581,1.05623,1.05561,1.05618,1262,BELOW,BELOW,RANGING,RANGING,NONE,RANGING
2017.01.10,23:00,1.05618,1.05618,1.05537,1.05544,1450,BELOW,BELOW,RANGING,RANGING,NONE,RANGING
2017.01.11,0:00,1.05527,1.05604,1.05527,1.05559,1411,BELOW,BELOW,RANGING,RANGING,NONE,RANGING
2017.01.11,1:00,1.05557,1.0556,1.05508,1.05521,1441,BELOW,BELOW,RANGING,RANGING,NONE,+10pips
2017.01.11,2:00,1.0552,1.05632,1.05513,1.05578,2780,BELOW,BELOW,RANGING,RANGING,NONE,RANGING
2017.01.11,3:00,1.05577,1.05658,1.05495,1.05581,3527,BELOW,BELOW,RANGING,RANGING,NONE,-10pips
2017.01.11,4:00,1.05581,1.05607,1.05426,1.05463,3573,BELOW,BELOW,RANGING,RANGING,NONE,-10pips
2017.01.11,5:00,1.05461,1.05501,1.05361,1.05455,3649,BELOW,BELOW,RANGING,RANGING,NONE,RANGING
2017.01.11,6:00,1.05455,1.05506,1.05406,1.05503,3292,BELOW,BELOW,RANGING,RANGING,NONE,RANGING
2017.01.11,7:00,1.05502,1.05526,1.05457,1.05496,2427,BELOW,BELOW,RANGING,RANGING,NONE,+10pips
2017.01.11,8:00,1.055,1.05668,1.055,1.05625,2798,ABOVE,BELOW,RANGING,RANGING,NONE,RANGING
2017.01.11,9:00,1.05624,1.05634,1.0553,1.05583,3458,ABOVE,BELOW,RANGING,RANGING,NONE,-10pips
2017.01.11,10:00,1.05582,1.05595,1.05461,1.05578,4391,ABOVE,BELOW,RANGING,RANGING,NONE,-10pips
2017.01.11,11:00,1.05579,1.05587,1.05303,1.05352,4066,BELOW,BELOW,RANGING,RANGING,NONE,-10pips
2017.01.11,12:00,1.05354,1.05361,1.05156,1.05223,3909,BELOW,BELOW,DOWNTREND,RANGING,NONE,RANGING
2017.01.11,13:00,1.05222,1.0525,1.05134,1.0519,3358,BELOW,BELOW,DOWNTREND,RANGING,NONE,-10pips
2017.01.11,14:00,1.0519,1.05207,1.04999,1.05018,4532,BELOW,BELOW,DOWNTREND,RANGING,NONE,+10pips
2017.01.11,15:00,1.05019,1.05155,1.0494,1.05132,5299,BELOW,BELOW,RANGING,RANGING,NONE,-10pips
2017.01.11,16:00,1.05131,1.05158,1.04779,1.04809,6861,BELOW,BELOW,RANGING,RANGING,NONE,-10pips
2017.01.11,17:00,1.04812,1.04821,1.04537,1.04741,8797,BELOW,BELOW,RANGING,RANGING,NONE,+10pips
2017.01.11,18:00,1.04743,1.05409,1.04583,1.0499,15130,BELOW,BELOW,RANGING,RANGING,NONE,+10pips
2017.01.11,19:00,1.04991,1.05728,1.04728,1.05584,14852,ABOVE,ABOVE,RANGING,RANGING,NONE,+10pips
2017.01.11,20:00,1.05584,1.06228,1.05544,1.06036,16023,ABOVE,ABOVE,RANGING,RANGING,NONE,+10pips
2017.01.11,21:00,1.06036,1.06142,1.05705,1.05767,8316,ABOVE,ABOVE,RANGING,RANGING,NONE,-10pips
2017.01.11,22:00,1.05766,1.05779,1.05642,1.0573,3849,ABOVE,ABOVE,RANGING,RANGING,NONE,+10pips
2017.01.11,23:00,1.05729,1.05848,1.05729,1.05827,1348,ABOVE,ABOVE,RANGING,RANGING,NONE,RANGING
2017.01.12,0:00,1.05809,1.0584,1.05767,1.05831,1907,ABOVE,ABOVE,RANGING,RANGING,NONE,+10pips
2017.01.12,1:00,1.05841,1.05989,1.05775,1.0594,2407,ABOVE,ABOVE,RANGING,RANGING,NONE,-10pips
2017.01.12,2:00,1.05943,1.05972,1.05714,1.05817,5918,ABOVE,ABOVE,RANGING,RANGING,NONE,+10pips
2017.01.12,3:00,1.05817,1.0593,1.05758,1.05838,5218,ABOVE,ABOVE,RANGING,RANGING,NONE,+10pips
2017.01.12,4:00,1.05837,1.06098,1.05828,1.05987,6508,ABOVE,ABOVE,RANGING,RANGING,NONE,+10pips
2017.01.12,5:00,1.05992,1.06136,1.05938,1.06111,5395,ABOVE,ABOVE,RANGING,RANGING,NONE,-10pips
2017.01.12,6:00,1.0611,1.06125,1.05984,1.05996,3860,ABOVE,ABOVE,RANGING,RANGING,NONE,+10pips
2017.01.12,7:00,1.05997,1.06116,1.0595,1.06113,3246,ABOVE,ABOVE,RANGING,RANGING,NONE,+10pips
2017.01.12,8:00,1.06113,1.06387,1.06049,1.06378,5226,ABOVE,ABOVE,RANGING,RANGING,NONE,-10pips
2017.01.12,9:00,1.06377,1.06431,1.06275,1.06296,6759,ABOVE,ABOVE,RANGING,RANGING,NONE,+10pips
2017.01.12,10:00,1.06298,1.06647,1.06274,1.06433,9123,ABOVE,ABOVE,RANGING,RANGING,NONE,-10pips
2017.01.12,11:00,1.06433,1.06451,1.06276,1.06407,7212,ABOVE,ABOVE,RANGING,RANGING,NONE,-10pips
2017.01.12,12:00,1.06407,1.06427,1.06197,1.06382,5434,ABOVE,ABOVE,RANGING,RANGING,NONE,+10pips
2017.01.12,13:00,1.06381,1.06524,1.06372,1.06518,4543,ABOVE,ABOVE,RANGING,RANGING,NONE,+10pips
2017.01.12,14:00,1.06521,1.06848,1.06514,1.06747,7002,ABOVE,ABOVE,RANGING,RANGING,NONE,-10pips
2017.01.12,15:00,1.06746,1.06826,1.06434,1.06528,8675,ABOVE,ABOVE,RANGING,RANGING,NONE,-10pips
2017.01.12,16:00,1.06525,1.06591,1.06327,1.06587,8515,ABOVE,ABOVE,RANGING,RANGING,NONE,+10pips
2017.01.12,17:00,1.06588,1.06757,1.06374,1.06525,9781,ABOVE,ABOVE,RANGING,RANGING,NONE,+10pips
2017.01.12,18:00,1.06526,1.06678,1.06479,1.06655,7777,ABOVE,ABOVE,RANGING,RANGING,NONE,-10pips
2017.01.12,19:00,1.06656,1.06688,1.06456,1.06485,4620,BELOW,ABOVE,RANGING,RANGING,NONE,-10pips
2017.01.12,20:00,1.06486,1.06519,1.06304,1.06417,5111,BELOW,ABOVE,RANGING,RANGING,NONE,-10pips
2017.01.12,21:00,1.06416,1.06428,1.06216,1.06267,4712,BELOW,BELOW,RANGING,RANGING,NONE,-10pips
2017.01.12,22:00,1.06265,1.06291,1.06107,1.06231,4219,BELOW,BELOW,DOWNTREND,RANGING,NONE,-10pips
2017.01.12,23:00,1.0623,1.0625,1.06112,1.06119,1329,BELOW,BELOW,DOWNTREND,RANGING,NONE,RANGING
2017.01.13,0:00,1.06115,1.06185,1.06109,1.06116,1819,BELOW,BELOW,DOWNTREND,RANGING,NONE,RANGING
2017.01.13,1:00,1.06118,1.06165,1.06063,1.06162,3257,BELOW,BELOW,RANGING,RANGING,NONE,-10pips
2017.01.13,2:00,1.0616,1.06181,1.06048,1.06094,3647,BELOW,BELOW,RANGING,RANGING,NONE,+10pips
2017.01.13,3:00,1.06096,1.06197,1.06082,1.06161,3612,BELOW,BELOW,RANGING,RANGING,NONE,-10pips
2017.01.13,4:00,1.06163,1.0619,1.06037,1.06053,3216,BELOW,BELOW,RANGING,RANGING,NONE,RANGING
2017.01.13,5:00,1.06054,1.06121,1.0604,1.06079,2277,BELOW,BELOW,RANGING,RANGING,NONE,RANGING
2017.01.13,6:00,1.06078,1.06174,1.06054,1.06174,1773,ABOVE,BELOW,RANGING,RANGING,NONE,RANGING
2017.01.13,7:00,1.06174,1.06174,1.06125,1.06171,1554,ABOVE,BELOW,RANGING,RANGING,NONE,+10pips
2017.01.13,8:00,1.06171,1.06301,1.06143,1.06293,3082,ABOVE,BELOW,RANGING,RANGING,NONE,+10pips
2017.01.13,9:00,1.06293,1.06409,1.06241,1.06313,5072,ABOVE,ABOVE,RANGING,RANGING,NONE,+10pips
2017.01.13,10:00,1.06311,1.06435,1.06251,1.06342,6101,ABOVE,ABOVE,RANGING,RANGING,NONE,+10pips
2017.01.13,11:00,1.06344,1.0651,1.06276,1.06442,4304,ABOVE,ABOVE,UPTREND,RANGING,NONE,+10pips
2017.01.13,12:00,1.06441,1.06543,1.06405,1.06442,4125,ABOVE,ABOVE,RANGING,RANGING,BULLISH_ENGULFING,+10pips
2017.01.13,13:00,1.06442,1.06576,1.06435,1.06457,3458,ABOVE,ABOVE,RANGING,RANGING,BULLISH_ENGULFING,+10pips
2017.01.13,14:00,1.06459,1.06587,1.06432,1.0645,3860,ABOVE,ABOVE,RANGING,RANGING,NONE,+10pips
2017.01.13,15:00,1.06449,1.06744,1.06201,1.06452,10043,ABOVE,ABOVE,RANGING,RANGING,NONE,-10pips
2017.01.13,16:00,1.06455,1.06526,1.06011,1.06049,11465,BELOW,BELOW,RANGING,RANGING,NONE,+10pips
2017.01.13,17:00,1.06049,1.06296,1.05962,1.06229,9442,BELOW,BELOW,RANGING,RANGING,NONE,-10pips
2017.01.13,18:00,1.06234,1.06312,1.06119,1.06245,5682,BELOW,ABOVE,RANGING,RANGING,NONE,+10pips
2017.01.13,19:00,1.06244,1.06418,1.06221,1.06373,4241,ABOVE,ABOVE,RANGING,RANGING,BULLISH_ENGULFING,RANGING
2017.01.13,20:00,1.06373,1.06442,1.06295,1.06321,2939,BELOW,ABOVE,RANGING,RANGING,NONE,+10pips
2017.01.13,21:00,1.06322,1.0653,1.063,1.06438,2842,ABOVE,ABOVE,RANGING,RANGING,NONE,RANGING
2017.01.13,22:00,1.06438,1.06476,1.06357,1.0637,2540,ABOVE,ABOVE,RANGING,RANGING,NONE,RANGING
2017.01.13,23:00,1.06366,1.06448,1.06366,1.06393,1629,ABOVE,ABOVE,RANGING,RANGING,NONE,-10pips
2017.01.16,0:00,1.06036,1.06287,1.06031,1.06225,1583,BELOW,BELOW,RANGING,RANGING,NONE,+10pips
2017.01.16,1:00,1.06225,1.06359,1.06214,1.06273,3309,BELOW,BELOW,RANGING,RANGING,NONE,RANGING
2017.01.16,2:00,1.06274,1.06346,1.06242,1.06289,2481,BELOW,BELOW,RANGING,RANGING,NONE,-10pips
2017.01.16,3:00,1.06291,1.06305,1.06162,1.06207,2693,BELOW,BELOW,RANGING,RANGING,NONE,RANGING
2017.01.16,4:00,1.06206,1.06276,1.06109,1.06218,3724,BELOW,BELOW,RANGING,RANGING,NONE,-10pips
2017.01.16,5:00,1.06216,1.06229,1.06063,1.06109,2340,BELOW,BELOW,RANGING,RANGING,NONE,RANGING
2017.01.16,6:00,1.06108,1.06153,1.0605,1.06151,2295,BELOW,BELOW,RANGING,RANGING,NONE,RANGING
2017.01.16,7:00,1.06149,1.06227,1.06113,1.06207,3139,BELOW,BELOW,RANGING,RANGING,NONE,RANGING
2017.01.16,8:00,1.06208,1.06296,1.06174,1.06182,2846,BELOW,BELOW,RANGING,RANGING,NONE,-10pips
2017.01.16,9:00,1.06175,1.06227,1.06044,1.06136,3858,BELOW,BELOW,RANGING,RANGING,NONE,-10pips
2017.01.16,10:00,1.06133,1.06175,1.05796,1.05832,7114,BELOW,BELOW,RANGING,RANGING,NONE,+10pips
2017.01.16,11:00,1.05832,1.0598,1.05805,1.059,6164,BELOW,BELOW,RANGING,RANGING,NONE,RANGING
2017.01.16,12:00,1.05899,1.05958,1.05833,1.0586,4299,BELOW,BELOW,RANGING,RANGING,NONE,+10pips
2017.01.16,13:00,1.05861,1.05982,1.05794,1.05942,4164,BELOW,BELOW,RANGING,RANGING,NONE,RANGING
2017.01.16,14:00,1.0594,1.05986,1.05855,1.05907,3346,BELOW,BELOW,RANGING,RANGING,NONE,+10pips
2017.01.16,15:00,1.05908,1.06012,1.05901,1.05927,2643,BELOW,BELOW,RANGING,RANGING,NONE,+10pips
2017.01.16,16:00,1.05927,1.06089,1.05897,1.06067,3244,ABOVE,BELOW,RANGING,RANGING,NONE,-10pips
2017.01.16,17:00,1.06067,1.06085,1.05926,1.06062,3249,ABOVE,BELOW,RANGING,RANGING,NONE,-10pips
2017.01.16,18:00,1.0606,1.06086,1.05909,1.06002,2547,ABOVE,BELOW,RANGING,RANGING,NONE,RANGING
2017.01.16,19:00,1.06,1.06085,1.05976,1.06045,1142,ABOVE,BELOW,RANGING,RANGING,NONE,RANGING
2017.01.16,20:00,1.06046,1.06054,1.05972,1.05993,1503,ABOVE,BELOW,RANGING,RANGING,NONE,RANGING
2017.01.16,21:00,1.0599,1.06051,1.05978,1.06026,2404,ABOVE,BELOW,RANGING,RANGING,NONE,RANGING
2017.01.16,22:00,1.06026,1.06052,1.05961,1.05991,3936,BELOW,BELOW,RANGING,RANGING,NONE,RANGING
2017.01.16,23:00,1.0599,1.06036,1.05978,1.06004,6457,ABOVE,BELOW,RANGING,RANGING,NONE,RANGING
2017.01.17,0:00,1.05948,1.06037,1.05948,1.05985,909,BELOW,BELOW,RANGING,RANGING,NONE,RANGING
2017.01.17,1:00,1.05985,1.0607,1.05977,1.06022,1780,ABOVE,ABOVE,RANGING,RANGING,NONE,+10pips
2017.01.17,2:00,1.06021,1.06188,1.06021,1.06061,3271,ABOVE,ABOVE,RANGING,RANGING,NONE,RANGING
2017.01.17,3:00,1.06063,1.06109,1.06009,1.06027,2706,ABOVE,ABOVE,RANGING,RANGING,NONE,+10pips
2017.01.17,4:00,1.06026,1.06214,1.06024,1.06204,2656,ABOVE,ABOVE,RANGING,RANGING,NONE,RANGING
2017.01.17,5:00,1.06204,1.06302,1.06146,1.06246,2526,ABOVE,ABOVE,RANGING,RANGING,NONE,+10pips
2017.01.17,6:00,1.06246,1.06436,1.06227,1.06401,3448,ABOVE,ABOVE,RANGING,RANGING,NONE,+10pips
2017.01.17,7:00,1.06402,1.0659,1.06402,1.06575,4237,ABOVE,ABOVE,UPTREND,RANGING,NONE,-10pips
2017.01.17,8:00,1.06574,1.06657,1.06469,1.0655,4715,ABOVE,ABOVE,RANGING,RANGING,NONE,-10pips
2017.01.17,9:00,1.06549,1.06586,1.06404,1.06549,5807,ABOVE,ABOVE,RANGING,RANGING,NONE,+10pips
2017.01.17,10:00,1.06548,1.06716,1.06545,1.06629,6980,ABOVE,ABOVE,RANGING,RANGING,NONE,+10pips
2017.01.17,11:00,1.06629,1.06819,1.06551,1.06781,6422,ABOVE,ABOVE,RANGING,RANGING,NONE,-10pips
2017.01.17,12:00,1.06783,1.0682,1.06577,1.06797,6389,ABOVE,ABOVE,RANGING,RANGING,NONE,+10pips
2017.01.17,13:00,1.068,1.07195,1.06795,1.07094,10115,ABOVE,ABOVE,UPTREND,RANGING,NONE,-10pips
2017.01.17,14:00,1.07095,1.07125,1.06835,1.06835,11580,ABOVE,ABOVE,RANGING,RANGING,NONE,+10pips
2017.01.17,15:00,1.06837,1.06937,1.06675,1.06917,10481,ABOVE,ABOVE,RANGING,RANGING,NONE,+10pips
2017.01.17,16:00,1.06918,1.07169,1.06898,1.07155,10655,ABOVE,ABOVE,RANGING,RANGING,NONE,-10pips
2017.01.17,17:00,1.07156,1.07165,1.06909,1.06946,9116,ABOVE,ABOVE,RANGING,RANGING,NONE,+10pips
2017.01.17,18:00,1.06948,1.0713,1.06896,1.06945,5974,ABOVE,ABOVE,RANGING,RANGING,NONE,+10pips
2017.01.17,19:00,1.06946,1.07072,1.06937,1.06993,3382,ABOVE,ABOVE,RANGING,RANGING,NONE,RANGING
2017.01.17,20:00,1.06993,1.07037,1.06944,1.07033,2354,ABOVE,ABOVE,RANGING,RANGING,NONE,RANGING
2017.01.17,21:00,1.07032,1.07133,1.07032,1.07089,3979,ABOVE,ABOVE,RANGING,RANGING,NONE,RANGING
2017.01.17,22:00,1.0709,1.07108,1.07008,1.07049,2124,ABOVE,ABOVE,RANGING,RANGING,NONE,RANGING
2017.01.17,23:00,1.07047,1.07127,1.07047,1.07125,1397,ABOVE,ABOVE,RANGING,RANGING,NONE,RANGING
2017.01.18,0:00,1.07123,1.07151,1.07075,1.07109,1267,ABOVE,ABOVE,RANGING,RANGING,NONE,-10pips
2017.01.18,1:00,1.07109,1.0713,1.0696,1.06968,1799,BELOW,ABOVE,RANGING,RANGING,NONE,+10pips
2017.01.18,2:00,1.06966,1.07094,1.06953,1.07094,3427,ABOVE,ABOVE,RANGING,RANGING,NONE,-10pips
2017.01.18,3:00,1.07094,1.07124,1.06915,1.06991,3882,BELOW,ABOVE,RANGING,RANGING,NONE,-10pips
2017.01.18,4:00,1.06989,1.06989,1.06884,1.06933,3270,BELOW,BELOW,RANGING,RANGING,NONE,RANGING
2017.01.18,5:00,1.06934,1.07005,1.0693,1.06979,2619,BELOW,ABOVE,RANGING,RANGING,NONE,RANGING
2017.01.18,6:00,1.06979,1.07,1.06933,1.06977,2185,BELOW,BELOW,RANGING,RANGING,NONE,-10pips
2017.01.18,7:00,1.06977,1.07003,1.06813,1.06844,3202,BELOW,BELOW,RANGING,RANGING,NONE,RANGING
2017.01.18,8:00,1.06848,1.06917,1.06784,1.06806,2865,BELOW,BELOW,RANGING,RANGING,NONE,RANGING
2017.01.18,9:00,1.06805,1.06857,1.0676,1.0678,3717,BELOW,BELOW,DOWNTREND,RANGING,NONE,+10pips
2017.01.18,10:00,1.06781,1.07047,1.06764,1.06914,5691,BELOW,BELOW,RANGING,RANGING,NONE,RANGING
2017.01.18,11:00,1.06913,1.06961,1.06849,1.06957,3983,ABOVE,BELOW,RANGING,RANGING,BULLISH_ENGULFING,-10pips
2017.01.18,12:00,1.06957,1.06965,1.06798,1.06859,4959,BELOW,BELOW,RANGING,RANGING,NONE,RANGING
2017.01.18,13:00,1.06859,1.06885,1.06792,1.0687,3431,BELOW,BELOW,RANGING,RANGING,NONE,-10pips
2017.01.18,14:00,1.06871,1.06887,1.06651,1.06651,3542,BELOW,BELOW,RANGING,RANGING,NONE,RANGING
2017.01.18,15:00,1.06656,1.06736,1.06553,1.06684,7375,BELOW,BELOW,RANGING,RANGING,NONE,+10pips
2017.01.18,16:00,1.06685,1.06892,1.06647,1.06842,6734,ABOVE,BELOW,RANGING,RANGING,NONE,+10pips
2017.01.18,17:00,1.06843,1.07031,1.06807,1.06953,7212,ABOVE,ABOVE,RANGING,RANGING,NONE,-10pips
2017.01.18,18:00,1.06953,1.06963,1.06768,1.06826,5245,BELOW,BELOW,RANGING,RANGING,NONE,RANGING
2017.01.18,19:00,1.06826,1.0692,1.06755,1.0683,3540,BELOW,BELOW,RANGING,RANGING,NONE,-10pips
2017.01.18,20:00,1.06832,1.06835,1.06636,1.06667,3347,BELOW,BELOW,RANGING,RANGING,NONE,RANGING
2017.01.18,21:00,1.06666,1.06719,1.06605,1.06711,2450,BELOW,BELOW,RANGING,RANGING,NONE,-10pips
2017.01.18,22:00,1.06717,1.06721,1.06302,1.06383,8734,BELOW,BELOW,RANGING,RANGING,NONE,RANGING
2017.01.18,23:00,1.06381,1.06389,1.0629,1.06296,2030,BELOW,BELOW,RANGING,RANGING,NONE,RANGING
2017.01.19,0:00,1.06286,1.06355,1.06231,1.06332,1710,BELOW,BELOW,RANGING,RANGING,NONE,RANGING
2017.01.19,1:00,1.06333,1.06353,1.06246,1.0628,2285,BELOW,BELOW,RANGING,RANGING,NONE,RANGING
2017.01.19,2:00,1.06281,1.06346,1.06222,1.06257,3418,BELOW,BELOW,RANGING,RANGING,NONE,RANGING
2017.01.19,3:00,1.06255,1.06329,1.06233,1.0628,3164,BELOW,BELOW,RANGING,RANGING,NONE,+10pips
2017.01.19,4:00,1.0628,1.0642,1.0627,1.06375,3570,BELOW,BELOW,RANGING,RANGING,NONE,RANGING
2017.01.19,5:00,1.06374,1.06454,1.06348,1.06387,2924,BELOW,BELOW,RANGING,RANGING,NONE,RANGING
2017.01.19,6:00,1.06388,1.06432,1.06371,1.06408,1852,ABOVE,BELOW,UPTREND,RANGING,NONE,RANGING
2017.01.19,7:00,1.06407,1.0641,1.06324,1.06391,2438,ABOVE,BELOW,RANGING,RANGING,NONE,RANGING
2017.01.19,8:00,1.06391,1.0644,1.06333,1.06424,2185,ABOVE,BELOW,RANGING,RANGING,NONE,RANGING
2017.01.19,9:00,1.06423,1.06471,1.06325,1.0642,5010,ABOVE,BELOW,RANGING,RANGING,NONE,+10pips
2017.01.19,10:00,1.06419,1.06555,1.06379,1.0655,6904,ABOVE,ABOVE,RANGING,RANGING,NONE,+10pips
2017.01.19,11:00,1.0655,1.06706,1.06522,1.0661,6888,ABOVE,ABOVE,RANGING,RANGING,NONE,RANGING
2017.01.19,12:00,1.06609,1.06629,1.06535,1.06561,4881,ABOVE,ABOVE,RANGING,RANGING,NONE,RANGING
2017.01.19,13:00,1.06558,1.06652,1.06534,1.06641,3375,ABOVE,ABOVE,RANGING,RANGING,NONE,RANGING
2017.01.19,14:00,1.06642,1.06693,1.06578,1.06693,4309,ABOVE,ABOVE,RANGING,RANGING,NONE,-10pips
2017.01.19,15:00,1.06691,1.06767,1.06029,1.06194,11982,BELOW,BELOW,RANGING,RANGING,NONE,-10pips
2017.01.19,16:00,1.06193,1.06229,1.05893,1.05906,12816,BELOW,BELOW,RANGING,RANGING,NONE,+10pips
2017.01.19,17:00,1.0591,1.06221,1.05892,1.06097,9735,BELOW,BELOW,RANGING,RANGING,BEARISH_ENGULFING,+10pips
2017.01.19,18:00,1.06094,1.06372,1.06094,1.06302,7569,BELOW,BELOW,RANGING,RANGING,NONE,-10pips
2017.01.19,19:00,1.06301,1.06336,1.06147,1.06323,4914,BELOW,BELOW,RANGING,RANGING,NONE,-10pips
2017.01.19,20:00,1.06322,1.06413,1.06182,1.06266,4325,BELOW,BELOW,RANGING,RANGING,NONE,+10pips
2017.01.19,21:00,1.06266,1.06605,1.06257,1.06598,4746,ABOVE,ABOVE,RANGING,RANGING,NONE,RANGING
2017.01.19,22:00,1.06601,1.06696,1.06551,1.06607,4315,ABOVE,ABOVE,RANGING,RANGING,NONE,RANGING
2017.01.19,23:00,1.06606,1.06658,1.06576,1.06624,1167,ABOVE,ABOVE,RANGING,RANGING,NONE,RANGING
2017.01.20,0:00,1.06641,1.06653,1.06569,1.06578,1757,ABOVE,ABOVE,RANGING,RANGING,NONE,RANGING
2017.01.20,1:00,1.06592,1.06619,1.06562,1.06593,2539,ABOVE,ABOVE,RANGING,RANGING,NONE,RANGING
2017.01.20,2:00,1.06595,1.0662,1.06523,1.06537,2897,ABOVE,ABOVE,RANGING,RANGING,NONE,+10pips
2017.01.20,3:00,1.06535,1.06876,1.06535,1.06813,4860,ABOVE,ABOVE,RANGING,RANGING,NONE,RANGING
2017.01.20,4:00,1.06813,1.06837,1.06748,1.06771,2808,ABOVE,ABOVE,RANGING,RANGING,NONE,+10pips
2017.01.20,5:00,1.06774,1.06934,1.06774,1.06853,3442,ABOVE,ABOVE,RANGING,RANGING,NONE,RANGING
2017.01.20,6:00,1.0685,1.06858,1.06783,1.06802,2165,ABOVE,ABOVE,RANGING,RANGING,NONE,RANGING
2017.01.20,7:00,1.06801,1.06814,1.06713,1.06725,2366,ABOVE,ABOVE,RANGING,RANGING,NONE,+10pips
2017.01.20,8:00,1.06724,1.06862,1.06723,1.06829,2641,ABOVE,ABOVE,RANGING,RANGING,NONE,-10pips
2017.01.20,9:00,1.06827,1.06922,1.06712,1.06721,4464,BELOW,ABOVE,RANGING,RANGING,NONE,+10pips
2017.01.20,10:00,1.06718,1.06837,1.0661,1.06634,5849,BELOW,ABOVE,RANGING,RANGING,NONE,-10pips
2017.01.20,11:00,1.06633,1.0667,1.06423,1.06464,6003,BELOW,BELOW,RANGING,RANGING,NONE,-10pips
2017.01.20,12:00,1.06463,1.06473,1.06278,1.06371,5410,BELOW,BELOW,DOWNTREND,RANGING,NONE,RANGING
2017.01.20,13:00,1.06371,1.06415,1.06287,1.06387,4776,BELOW,BELOW,RANGING,RANGING,NONE,-10pips
2017.01.20,14:00,1.06387,1.06466,1.06261,1.06277,4499,BELOW,BELOW,RANGING,RANGING,NONE,+10pips
2017.01.20,15:00,1.06276,1.06574,1.06253,1.06567,6613,BELOW,BELOW,RANGING,RANGING,NONE,+10pips
2017.01.20,16:00,1.06565,1.06668,1.06519,1.06552,7119,BELOW,BELOW,RANGING,RANGING,NONE,+10pips
2017.01.20,17:00,1.06551,1.06836,1.06551,1.06789,7345,ABOVE,ABOVE,RANGING,RANGING,NONE,-10pips
2017.01.20,18:00,1.06788,1.06833,1.06642,1.06791,5854,ABOVE,ABOVE,RANGING,RANGING,NONE,+10pips
2017.01.20,19:00,1.0679,1.06952,1.06634,1.06748,14141,ABOVE,ABOVE,RANGING,RANGING,NONE,RANGING
2017.01.20,20:00,1.06747,1.06835,1.06661,1.06816,5421,ABOVE,ABOVE,RANGING,RANGING,NONE,+10pips
2017.01.20,21:00,1.06815,1.07096,1.06805,1.07051,6128,ABOVE,ABOVE,RANGING,RANGING,NONE,-10pips
2017.01.20,22:00,1.07052,1.0706,1.06897,1.06964,4592,ABOVE,ABOVE,RANGING,RANGING,NONE,RANGING
2017.01.20,23:00,1.06965,1.07047,1.06922,1.06973,1850,ABOVE,ABOVE,RANGING,RANGING,NONE,RANGING
2017.01.23,0:00,1.0701,1.07057,1.06937,1.07033,1082,ABOVE,ABOVE,RANGING,RANGING,NONE,+10pips
2017.01.23,1:00,1.07033,1.07169,1.07033,1.07127,3965,ABOVE,ABOVE,RANGING,RANGING,NONE,+10pips
2017.01.23,2:00,1.07128,1.07301,1.07093,1.07239,4107,ABOVE,ABOVE,UPTREND,RANGING,NONE,+10pips
2017.01.23,3:00,1.07238,1.0745,1.07215,1.07443,3908,ABOVE,ABOVE,UPTREND,RANGING,BULLISH_ENGULFING,RANGING
2017.01.23,4:00,1.07445,1.07461,1.07389,1.07454,3749,ABOVE,ABOVE,UPTREND,RANGING,NONE,RANGING
2017.01.23,5:00,1.07455,1.075,1.07426,1.0744,2403,ABOVE,ABOVE,RANGING,RANGING,NONE,RANGING
2017.01.23,6:00,1.07441,1.0746,1.0737,1.07372,2040,ABOVE,ABOVE,RANGING,RANGING,NONE,+10pips
2017.01.23,7:00,1.07369,1.07483,1.07351,1.07482,2813,ABOVE,ABOVE,RANGING,RANGING,BULLISH_ENGULFING,RANGING
2017.01.23,8:00,1.07483,1.07549,1.07403,1.07421,4437,ABOVE,ABOVE,RANGING,RANGING,NONE,+10pips
2017.01.23,9:00,1.0742,1.07541,1.074,1.07425,5141,ABOVE,ABOVE,RANGING,RANGING,NONE,-10pips
2017.01.23,10:00,1.07426,1.07496,1.07259,1.07281,5314,BELOW,ABOVE,RANGING,RANGING,NONE,RANGING
2017.01.23,11:00,1.07279,1.0733,1.07229,1.07259,4179,BELOW,ABOVE,RANGING,RANGING,NONE,+10pips
2017.01.23,12:00,1.07259,1.07451,1.07259,1.07379,3916,BELOW,ABOVE,RANGING,RANGING,NONE,-10pips
2017.01.23,13:00,1.07379,1.07389,1.07264,1.07295,3819,BELOW,ABOVE,RANGING,RANGING,NONE,+10pips
2017.01.23,14:00,1.07294,1.0744,1.07275,1.07346,3952,BELOW,ABOVE,RANGING,RANGING,NONE,-10pips
2017.01.23,15:00,1.07343,1.0738,1.07095,1.07304,6105,BELOW,ABOVE,RANGING,RANGING,NONE,-10pips
2017.01.23,16:00,1.07303,1.07335,1.07064,1.07258,9868,BELOW,BELOW,RANGING,RANGING,NONE,+10pips
2017.01.23,17:00,1.07255,1.07522,1.07253,1.0748,8549,ABOVE,ABOVE,RANGING,RANGING,BULLISH_ENGULFING,-10pips
2017.01.23,18:00,1.07478,1.07485,1.07268,1.07399,7067,ABOVE,ABOVE,RANGING,RANGING,BULLISH_ENGULFING,-10pips
2017.01.23,19:00,1.074,1.07423,1.072,1.0727,4478,BELOW,BELOW,RANGING,RANGING,NONE,+10pips
2017.01.23,20:00,1.07272,1.07371,1.07253,1.07362,2974,ABOVE,ABOVE,RANGING,RANGING,NONE,+10pips
2017.01.23,21:00,1.07361,1.07498,1.07359,1.0746,2718,ABOVE,ABOVE,RANGING,RANGING,BULLISH_ENGULFING,RANGING
2017.01.23,22:00,1.0746,1.07518,1.07414,1.07435,1827,ABOVE,ABOVE,RANGING,RANGING,NONE,+10pips
2017.01.23,23:00,1.07436,1.0769,1.07429,1.07637,3012,ABOVE,ABOVE,RANGING,RANGING,NONE,RANGING
2017.01.24,0:00,1.07635,1.07724,1.07614,1.0772,1806,ABOVE,ABOVE,RANGING,RANGING,BULLISH_ENGULFING,-10pips
2017.01.24,1:00,1.07723,1.07723,1.07582,1.07591,2408,ABOVE,ABOVE,RANGING,RANGING,NONE,RANGING
2017.01.24,2:00,1.0759,1.07619,1.07542,1.07601,3250,ABOVE,ABOVE,RANGING,RANGING,NONE,-10pips
2017.01.24,3:00,1.07601,1.07601,1.07453,1.07546,4076,ABOVE,ABOVE,RANGING,RANGING,NONE,+10pips
2017.01.24,4:00,1.07545,1.0767,1.07542,1.07587,2475,ABOVE,ABOVE,RANGING,RANGING,NONE,+10pips
2017.01.24,5:00,1.07587,1.07709,1.07559,1.07598,3441,ABOVE,ABOVE,RANGING,RANGING,NONE,-10pips
2017.01.24,6:00,1.07599,1.07627,1.07494,1.07513,3125,BELOW,ABOVE,RANGING,RANGING,NONE,RANGING
2017.01.24,7:00,1.07515,1.076,1.07484,1.0755,2459,BELOW,ABOVE,RANGING,RANGING,NONE,-10pips
2017.01.24,8:00,1.07549,1.0757,1.07379,1.07412,2860,BELOW,BELOW,RANGING,RANGING,NONE,RANGING
2017.01.24,9:00,1.07411,1.07498,1.07339,1.07378,4417,BELOW,BELOW,RANGING,RANGING,NONE,+10pips
2017.01.24,10:00,1.07379,1.07531,1.0737,1.07476,4861,BELOW,BELOW,RANGING,RANGING,NONE,-10pips
2017.01.24,11:00,1.07478,1.07519,1.07351,1.07404,5890,BELOW,BELOW,RANGING,RANGING,NONE,-10pips
2017.01.24,12:00,1.07405,1.07441,1.07287,1.07298,3612,BELOW,BELOW,RANGING,RANGING,NONE,+10pips
2017.01.24,13:00,1.07297,1.07444,1.07255,1.07432,3626,BELOW,BELOW,RANGING,RANGING,BULLISH_ENGULFING,RANGING
2017.01.24,14:00,1.07433,1.07478,1.07394,1.0742,3951,BELOW,BELOW,RANGING,RANGING,NONE,+10pips
2017.01.24,15:00,1.07418,1.07573,1.07406,1.07475,4622,ABOVE,BELOW,RANGING,RANGING,BULLISH_ENGULFING,+10pips
2017.01.24,16:00,1.07475,1.07664,1.07433,1.07615,6430,ABOVE,ABOVE,RANGING,RANGING,BULLISH_ENGULFING,+10pips
2017.01.24,17:00,1.07599,1.0775,1.07487,1.07525,6675,ABOVE,ABOVE,RANGING,RANGING,NONE,RANGING
2017.01.24,18:00,1.07527,1.07582,1.07465,1.07484,5340,ABOVE,BELOW,RANGING,RANGING,NONE,+10pips
2017.01.24,19:00,1.07487,1.07611,1.07482,1.07566,3060,ABOVE,ABOVE,RANGING,RANGING,NONE,-10pips
2017.01.24,20:00,1.07567,1.07583,1.07339,1.07349,3486,BELOW,BELOW,RANGING,RANGING,NONE,-10pips
2017.01.24,21:00,1.07346,1.07346,1.07219,1.07223,2864,BELOW,BELOW,RANGING,RANGING,NONE,+10pips
2017.01.24,22:00,1.07227,1.07335,1.07203,1.0733,2183,BELOW,BELOW,RANGING,RANGING,NONE,RANGING
2017.01.24,23:00,1.0733,1.07337,1.07297,1.07324,799,BELOW,BELOW,RANGING,RANGING,NONE,RANGING
2017.01.25,0:00,1.07302,1.07333,1.07277,1.07312,1105,BELOW,BELOW,RANGING,RANGING,NONE,RANGING
2017.01.25,1:00,1.07312,1.07331,1.07236,1.07283,1590,BELOW,BELOW,RANGING,RANGING,NONE,RANGING
2017.01.25,2:00,1.07283,1.0734,1.07235,1.07312,3070,BELOW,BELOW,RANGING,RANGING,NONE,RANGING
2017.01.25,3:00,1.0731,1.07352,1.0722,1.07295,3736,BELOW,BELOW,RANGING,RANGING,NONE,RANGING
2017.01.25,4:00,1.07296,1.0738,1.07269,1.07309,3532,BELOW,BELOW,RANGING,RANGING,NONE,RANGING
2017.01.25,5:00,1.07308,1.0733,1.07273,1.07314,2231,ABOVE,BELOW,RANGING,RANGING,NONE,RANGING
2017.01.25,6:00,1.07313,1.07373,1.07304,1.07308,1957,ABOVE,BELOW,RANGING,RANGING,NONE,RANGING
2017.01.25,7:00,1.07308,1.07308,1.07237,1.07262,1832,BELOW,BELOW,RANGING,RANGING,NONE,RANGING
2017.01.25,8:00,1.07261,1.07266,1.07214,1.07216,2048,BELOW,BELOW,RANGING,RANGING,NONE,-10pips
2017.01.25,9:00,1.07215,1.07269,1.07113,1.07129,4339,BELOW,BELOW,DOWNTREND,RANGING,NONE,+10pips
2017.01.25,10:00,1.07135,1.07328,1.07131,1.07297,5672,ABOVE,BELOW,RANGING,RANGING,NONE,+10pips
2017.01.25,11:00,1.07298,1.07548,1.07244,1.07498,6063,ABOVE,ABOVE,RANGING,RANGING,NONE,RANGING
2017.01.25,12:00,1.07497,1.07545,1.07419,1.07536,3327,ABOVE,ABOVE,RANGING,RANGING,NONE,RANGING
2017.01.25,13:00,1.07535,1.07565,1.07479,1.07524,2443,ABOVE,ABOVE,RANGING,RANGING,NONE,+10pips
2017.01.25,14:00,1.07523,1.07699,1.07451,1.07457,5936,ABOVE,ABOVE,RANGING,RANGING,NONE,RANGING
2017.01.25,15:00,1.07456,1.07484,1.07358,1.07449,5133,ABOVE,ABOVE,RANGING,RANGING,NONE,-10pips
2017.01.25,16:00,1.07447,1.07455,1.072,1.0727,7043,BELOW,BELOW,DOWNTREND,RANGING,NONE,+10pips
2017.01.25,17:00,1.07269,1.07452,1.07256,1.07409,6017,ABOVE,ABOVE,RANGING,RANGING,NONE,+10pips
2017.01.25,18:00,1.07411,1.07533,1.0732,1.0743,5218,ABOVE,ABOVE,RANGING,RANGING,NONE,-10pips
2017.01.25,19:00,1.07431,1.0745,1.07252,1.07377,3189,BELOW,ABOVE,RANGING,RANGING,NONE,-10pips
2017.01.25,20:00,1.0738,1.07401,1.07251,1.07262,3762,BELOW,BELOW,RANGING,RANGING,NONE,+10pips
2017.01.25,21:00,1.07262,1.07417,1.07202,1.07411,2501,BELOW,ABOVE,RANGING,RANGING,NONE,+10pips
2017.01.25,22:00,1.07412,1.07529,1.07363,1.07521,3123,ABOVE,ABOVE,RANGING,RANGING,NONE,RANGING
2017.01.25,23:00,1.07522,1.07543,1.07467,1.07477,1767,ABOVE,ABOVE,RANGING,RANGING,NONE,RANGING
2017.01.26,0:00,1.0746,1.07546,1.0745,1.07491,1400,ABOVE,ABOVE,RANGING,RANGING,NONE,RANGING
2017.01.26,1:00,1.07491,1.07539,1.07466,1.07524,1818,ABOVE,ABOVE,RANGING,RANGING,NONE,+10pips
2017.01.26,2:00,1.07526,1.07649,1.07516,1.07627,3125,ABOVE,ABOVE,RANGING,RANGING,NONE,RANGING
2017.01.26,3:00,1.07628,1.07658,1.07576,1.07588,3102,ABOVE,ABOVE,RANGING,RANGING,NONE,RANGING
2017.01.26,4:00,1.07589,1.07612,1.07541,1.07572,2573,ABOVE,ABOVE,RANGING,RANGING,NONE,RANGING
2017.01.26,5:00,1.07575,1.07624,1.07545,1.07569,1580,ABOVE,ABOVE,RANGING,RANGING,NONE,RANGING
2017.01.26,6:00,1.07568,1.07595,1.07535,1.07571,1363,ABOVE,ABOVE,RANGING,RANGING,NONE,RANGING
2017.01.26,7:00,1.0757,1.07607,1.0753,1.07557,1506,ABOVE,ABOVE,RANGING,RANGING,NONE,-10pips
2017.01.26,8:00,1.07556,1.0757,1.07398,1.07419,2198,BELOW,BELOW,RANGING,RANGING,NONE,-10pips
2017.01.26,9:00,1.07417,1.07473,1.07292,1.0731,4476,BELOW,BELOW,RANGING,RANGING,NONE,+10pips
2017.01.26,10:00,1.07306,1.07439,1.07263,1.07396,5084,BELOW,BELOW,RANGING,RANGING,NONE,-10pips
2017.01.26,11:00,1.07397,1.07437,1.0716,1.07211,5588,BELOW,BELOW,RANGING,RANGING,NONE,RANGING
2017.01.26,12:00,1.07213,1.07273,1.07128,1.07209,4546,BELOW,BELOW,RANGING,RANGING,NONE,+10pips
2017.01.26,13:00,1.07207,1.07333,1.07196,1.07315,3947,BELOW,BELOW,RANGING,RANGING,NONE,-10pips
2017.01.26,14:00,1.07314,1.07328,1.07078,1.07109,5276,BELOW,BELOW,RANGING,RANGING,NONE,-10pips
2017.01.26,15:00,1.07106,1.07125,1.06888,1.0697,7439,BELOW,BELOW,RANGING,RANGING,NONE,-10pips
2017.01.26,16:00,1.06973,1.07048,1.06728,1.06856,8027,BELOW,BELOW,RANGING,RANGING,NONE,-10pips
2017.01.26,17:00,1.06857,1.06928,1.06699,1.06714,8260,BELOW,BELOW,DOWNTREND,RANGING,NONE,-10pips
2017.01.26,18:00,1.06715,1.06738,1.06577,1.06692,5579,BELOW,BELOW,DOWNTREND,RANGING,NONE,+10pips
2017.01.26,19:00,1.06693,1.06885,1.06674,1.06868,3154,BELOW,BELOW,RANGING,RANGING,NONE,+10pips
2017.01.26,20:00,1.06869,1.07008,1.06852,1.06961,3493,BELOW,BELOW,RANGING,RANGING,NONE,RANGING
2017.01.26,21:00,1.06959,1.07043,1.06916,1.06984,2212,ABOVE,BELOW,RANGING,RANGING,NONE,-10pips
2017.01.26,22:00,1.06983,1.06985,1.06744,1.06757,3020,BELOW,BELOW,RANGING,RANGING,NONE,-10pips
2017.01.26,23:00,1.06758,1.06818,1.06626,1.06816,2816,BELOW,BELOW,RANGING,RANGING,NONE,RANGING
2017.01.27,0:00,1.06804,1.06857,1.06732,1.06799,1497,BELOW,BELOW,RANGING,RANGING,NONE,RANGING
2017.01.27,1:00,1.06795,1.06839,1.06747,1.06834,2183,ABOVE,BELOW,RANGING,RANGING,NONE,RANGING
2017.01.27,2:00,1.06835,1.0687,1.06798,1.06829,2381,ABOVE,BELOW,RANGING,RANGING,NONE,-10pips
2017.01.27,3:00,1.06829,1.06869,1.06727,1.06826,3989,BELOW,BELOW,RANGING,RANGING,NONE,RANGING
2017.01.27,4:00,1.06827,1.06888,1.06789,1.06807,2346,BELOW,BELOW,RANGING,RANGING,NONE,RANGING
2017.01.27,5:00,1.0681,1.0682,1.06728,1.06751,2092,BELOW,BELOW,DOWNTREND,RANGING,NONE,RANGING
2017.01.27,6:00,1.06752,1.06774,1.06723,1.06745,1435,BELOW,BELOW,DOWNTREND,RANGING,NONE,RANGING
2017.01.27,7:00,1.06743,1.0675,1.06683,1.0672,1950,BELOW,BELOW,DOWNTREND,RANGING,NONE,-10pips
2017.01.27,8:00,1.0672,1.06731,1.06611,1.06646,3161,BELOW,BELOW,DOWNTREND,RANGING,NONE,+10pips
2017.01.27,9:00,1.06647,1.06756,1.06584,1.06742,4615,BELOW,BELOW,RANGING,RANGING,NONE,+10pips
2017.01.27,10:00,1.0674,1.06847,1.06718,1.06812,4934,ABOVE,ABOVE,RANGING,RANGING,NONE,+10pips
2017.01.27,11:00,1.06811,1.06984,1.06805,1.0693,4315,ABOVE,ABOVE,RANGING,RANGING,NONE,-10pips
2017.01.27,12:00,1.06929,1.06951,1.06758,1.06826,3752,ABOVE,ABOVE,RANGING,RANGING,NONE,+10pips
2017.01.27,13:00,1.06825,1.06972,1.0681,1.06939,2609,ABOVE,ABOVE,RANGING,RANGING,NONE,-10pips
2017.01.27,14:00,1.06938,1.06955,1.06708,1.06749,3051,BELOW,BELOW,RANGING,RANGING,NONE,+10pips
2017.01.27,15:00,1.0675,1.07085,1.06737,1.06984,8245,ABOVE,ABOVE,RANGING,RANGING,NONE,+10pips
2017.01.27,16:00,1.06985,1.0725,1.06978,1.07024,8700,ABOVE,ABOVE,RANGING,RANGING,NONE,+10pips
2017.01.27,17:00,1.07024,1.07151,1.06999,1.07062,6230,ABOVE,ABOVE,RANGING,RANGING,NONE,-10pips
2017.01.27,18:00,1.07065,1.07088,1.06895,1.06899,4417,ABOVE,ABOVE,RANGING,RANGING,NONE,-10pips
2017.01.27,19:00,1.06899,1.06929,1.06797,1.06828,2644,BELOW,BELOW,RANGING,RANGING,NONE,+10pips
2017.01.27,20:00,1.06827,1.06931,1.06789,1.06899,2368,BELOW,ABOVE,RANGING,RANGING,NONE,RANGING
2017.01.27,21:00,1.06899,1.06997,1.06892,1.06991,1368,ABOVE,ABOVE,RANGING,RANGING,NONE,RANGING
2017.01.27,22:00,1.06991,1.06993,1.06916,1.06958,1389,ABOVE,ABOVE,RANGING,RANGING,NONE,RANGING
2017.01.27,23:00,1.06957,1.06991,1.06933,1.06949,1344,ABOVE,ABOVE,RANGING,RANGING,NONE,+10pips
2017.01.30,0:00,1.07179,1.07193,1.07095,1.07135,1250,ABOVE,ABOVE,RANGING,RANGING,NONE,RANGING
2017.01.30,1:00,1.07134,1.07185,1.0708,1.0717,2803,ABOVE,ABOVE,RANGING,RANGING,NONE,RANGING
2017.01.30,2:00,1.07169,1.0727,1.07157,1.07229,2975,ABOVE,ABOVE,RANGING,RANGING,NONE,+10pips
2017.01.30,3:00,1.0723,1.07402,1.0723,1.07368,3702,ABOVE,ABOVE,UPTREND,RANGING,NONE,RANGING
2017.01.30,4:00,1.07367,1.07368,1.07303,1.07333,1586,ABOVE,ABOVE,RANGING,RANGING,NONE,RANGING
2017.01.30,5:00,1.07333,1.07383,1.07303,1.07318,1745,ABOVE,ABOVE,RANGING,RANGING,NONE,RANGING
2017.01.30,6:00,1.0732,1.07352,1.07291,1.07294,1617,ABOVE,ABOVE,RANGING,RANGING,NONE,RANGING
2017.01.30,7:00,1.07295,1.07319,1.07233,1.07241,1574,ABOVE,ABOVE,DOWNTREND,RANGING,NONE,RANGING
2017.01.30,8:00,1.07241,1.07253,1.07194,1.07207,1730,BELOW,ABOVE,DOWNTREND,RANGING,NONE,-10pips
2017.01.30,9:00,1.07206,1.07209,1.06984,1.07001,3450,BELOW,BELOW,DOWNTREND,RANGING,NONE,RANGING
2017.01.30,10:00,1.07003,1.07019,1.06929,1.06963,5161,BELOW,BELOW,DOWNTREND,RANGING,NONE,RANGING
2017.01.30,11:00,1.06965,1.06974,1.0687,1.06956,3749,BELOW,BELOW,DOWNTREND,RANGING,NONE,RANGING
2017.01.30,12:00,1.06956,1.06998,1.06902,1.06928,3307,BELOW,BELOW,DOWNTREND,DOWNTREND,NONE,-10pips
2017.01.30,13:00,1.06928,1.0694,1.06558,1.06613,4349,BELOW,BELOW,DOWNTREND,DOWNTREND,NONE,-10pips
2017.01.30,14:00,1.06613,1.06653,1.06262,1.06292,7080,BELOW,BELOW,DOWNTREND,DOWNTREND,BEARISH_ENGULFING,+10pips
2017.01.30,15:00,1.06293,1.06448,1.06203,1.06445,7603,BELOW,BELOW,RANGING,RANGING,NONE,+10pips
2017.01.30,16:00,1.06446,1.06594,1.06402,1.06594,5807,BELOW,BELOW,RANGING,RANGING,NONE,+10pips
2017.01.30,17:00,1.0659,1.06925,1.06532,1.06878,7163,ABOVE,BELOW,RANGING,RANGING,NONE,+10pips
2017.01.30,18:00,1.06879,1.0699,1.06796,1.068,5363,ABOVE,BELOW,RANGING,RANGING,NONE,+10pips
2017.01.30,19:00,1.06799,1.07094,1.0678,1.0693,4222,ABOVE,BELOW,RANGING,RANGING,NONE,RANGING
2017.01.30,20:00,1.06931,1.06983,1.0685,1.06921,2772,ABOVE,BELOW,RANGING,RANGING,NONE,RANGING
2017.01.30,21:00,1.0692,1.06952,1.0686,1.06944,2370,ABOVE,BELOW,RANGING,RANGING,NONE,RANGING
2017.01.30,22:00,1.06944,1.07,1.06901,1.06945,2175,ABOVE,BELOW,RANGING,RANGING,NONE,RANGING
2017.01.30,23:00,1.06946,1.06996,1.06934,1.06965,1219,ABOVE,ABOVE,RANGING,RANGING,NONE,RANGING
2017.01.31,0:00,1.06925,1.07019,1.06907,1.07007,1789,ABOVE,ABOVE,UPTREND,RANGING,NONE,RANGING
2017.01.31,1:00,1.07007,1.07088,1.07007,1.07075,2392,ABOVE,ABOVE,UPTREND,RANGING,NONE,-10pips
2017.01.31,2:00,1.07076,1.07088,1.06951,1.06972,3169,ABOVE,ABOVE,RANGING,RANGING,NONE,RANGING
2017.01.31,3:00,1.06973,1.06997,1.06928,1.06933,2562,BELOW,ABOVE,RANGING,RANGING,NONE,+10pips
2017.01.31,4:00,1.06929,1.07057,1.06909,1.07053,3567,ABOVE,ABOVE,RANGING,RANGING,NONE,-10pips
2017.01.31,5:00,1.07051,1.07127,1.06947,1.06977,5261,BELOW,ABOVE,RANGING,RANGING,NONE,RANGING
2017.01.31,6:00,1.06979,1.07039,1.06927,1.06962,2539,BELOW,ABOVE,RANGING,RANGING,NONE,RANGING
2017.01.31,7:00,1.06963,1.07033,1.06952,1.06997,1991,ABOVE,ABOVE,RANGING,RANGING,NONE,RANGING
2017.01.31,8:00,1.06997,1.07045,1.06914,1.06926,2020,BELOW,ABOVE,RANGING,RANGING,NONE,RANGING
2017.01.31,9:00,1.06925,1.07005,1.06846,1.06997,4859,ABOVE,ABOVE,RANGING,RANGING,NONE,+10pips
2017.01.31,10:00,1.06997,1.0725,1.06972,1.06987,7173,BELOW,ABOVE,RANGING,RANGING,NONE,+10pips
2017.01.31,11:00,1.06986,1.07124,1.06911,1.0711,5384,ABOVE,ABOVE,RANGING,RANGING,NONE,-10pips
2017.01.31,12:00,1.07116,1.07192,1.06999,1.07013,5214,ABOVE,ABOVE,RANGING,RANGING,NONE,+10pips
2017.01.31,13:00,1.07011,1.07523,1.06993,1.07505,6928,ABOVE,ABOVE,RANGING,RANGING,NONE,+10pips
2017.01.31,14:00,1.07505,1.07651,1.07476,1.07487,7781,ABOVE,ABOVE,RANGING,RANGING,NONE,+10pips
2017.01.31,15:00,1.07484,1.0763,1.07428,1.07553,7552,ABOVE,ABOVE,RANGING,RANGING,NONE,+10pips
2017.01.31,16:00,1.07553,1.07948,1.07487,1.07914,9845,ABOVE,ABOVE,RANGING,RANGING,NONE,+10pips
2017.01.31,17:00,1.07912,1.08106,1.07795,1.08097,9466,ABOVE,ABOVE,RANGING,RANGING,BULLISH_ENGULFING,-10pips
2017.01.31,18:00,1.08098,1.08123,1.07821,1.07933,7628,ABOVE,ABOVE,RANGING,RANGING,NONE,-10pips
2017.01.31,19:00,1.07931,1.0797,1.07722,1.07835,4645,ABOVE,ABOVE,RANGING,RANGING,NONE,+10pips
2017.01.31,20:00,1.07836,1.07958,1.07828,1.07929,3068,ABOVE,ABOVE,RANGING,RANGING,NONE,+10pips
2017.01.31,21:00,1.07927,1.08099,1.07899,1.08041,3432,ABOVE,ABOVE,RANGING,RANGING,BULLISH_ENGULFING,-10pips
2017.01.31,22:00,1.08043,1.08044,1.07865,1.07962,2958,ABOVE,ABOVE,RANGING,RANGING,NONE,RANGING
2017.01.31,23:00,1.07957,1.08,1.07924,1.07973,1640,ABOVE,ABOVE,RANGING,RANGING,NONE,RANGING
2017.02.01,0:00,1.07973,1.07979,1.07905,1.07954,1736,ABOVE,ABOVE,RANGING,RANGING,NONE,RANGING
2017.02.01,1:00,1.07965,1.08046,1.07961,1.0801,2567,ABOVE,ABOVE,RANGING,RANGING,NONE,-10pips
2017.02.01,2:00,1.08009,1.08009,1.07896,1.07958,3604,BELOW,ABOVE,RANGING,RANGING,NONE,RANGING
2017.02.01,3:00,1.07958,1.07965,1.07881,1.0793,2738,BELOW,ABOVE,RANGING,RANGING,NONE,RANGING
2017.02.01,4:00,1.07932,1.07982,1.07894,1.07959,2367,ABOVE,ABOVE,RANGING,RANGING,NONE,RANGING
2017.02.01,5:00,1.07959,1.07982,1.07916,1.07925,1728,BELOW,ABOVE,RANGING,RANGING,NONE,RANGING
2017.02.01,6:00,1.07926,1.07938,1.07879,1.07906,1886,BELOW,ABOVE,RANGING,RANGING,NONE,RANGING
2017.02.01,7:00,1.07908,1.07926,1.07874,1.07906,1413,BELOW,ABOVE,RANGING,RANGING,NONE,-10pips
2017.02.01,8:00,1.07906,1.07912,1.07771,1.07793,2798,BELOW,BELOW,RANGING,RANGING,NONE,RANGING
2017.02.01,9:00,1.07794,1.07874,1.07748,1.07819,4423,BELOW,BELOW,RANGING,RANGING,NONE,+10pips
2017.02.01,10:00,1.07816,1.07986,1.07792,1.07973,4302,ABOVE,ABOVE,RANGING,RANGING,NONE,-10pips
2017.02.01,11:00,1.07977,1.07992,1.07844,1.07845,4296,BELOW,BELOW,RANGING,RANGING,NONE,+10pips
2017.02.01,12:00,1.07847,1.08031,1.07814,1.08027,3544,ABOVE,ABOVE,RANGING,RANGING,NONE,-10pips
2017.02.01,13:00,1.08029,1.08029,1.07909,1.08019,3659,ABOVE,ABOVE,RANGING,RANGING,NONE,-10pips
2017.02.01,14:00,1.08018,1.08075,1.07883,1.07883,3769,BELOW,BELOW,RANGING,RANGING,NONE,-10pips
2017.02.01,15:00,1.07885,1.07935,1.07602,1.07604,7257,BELOW,BELOW,RANGING,RANGING,NONE,RANGING
2017.02.01,16:00,1.07602,1.07629,1.07505,1.07583,5539,BELOW,BELOW,DOWNTREND,RANGING,NONE,-10pips
2017.02.01,17:00,1.07582,1.07617,1.07366,1.0758,7801,BELOW,BELOW,DOWNTREND,RANGING,NONE,-10pips
2017.02.01,18:00,1.07582,1.07596,1.07478,1.07563,5285,BELOW,BELOW,DOWNTREND,RANGING,NONE,RANGING
2017.02.01,19:00,1.07561,1.07601,1.07471,1.07528,2928,BELOW,BELOW,DOWNTREND,RANGING,NONE,-10pips
2017.02.01,20:00,1.07529,1.0754,1.07334,1.07334,3223,BELOW,BELOW,DOWNTREND,RANGING,NONE,+10pips
2017.02.01,21:00,1.07334,1.07893,1.07301,1.07764,12994,ABOVE,BELOW,RANGING,RANGING,NONE,-10pips
2017.02.01,22:00,1.0776,1.07799,1.07649,1.07699,4071,ABOVE,BELOW,RANGING,RANGING,NONE,RANGING
2017.02.01,23:00,1.07697,1.07725,1.07627,1.07684,1286,ABOVE,BELOW,RANGING,RANGING,NONE,RANGING
2017.02.02,0:00,1.07673,1.07708,1.07629,1.07667,1381,ABOVE,BELOW,RANGING,RANGING,NONE,RANGING
2017.02.02,1:00,1.07672,1.07708,1.07621,1.07654,2535,ABOVE,BELOW,DOWNTREND,RANGING,NONE,+10pips
2017.02.02,2:00,1.0765,1.0783,1.07641,1.07825,4252,ABOVE,ABOVE,RANGING,RANGING,NONE,RANGING
2017.02.02,3:00,1.07825,1.07881,1.07758,1.0783,3238,ABOVE,ABOVE,RANGING,RANGING,NONE,RANGING
2017.02.02,4:00,1.0783,1.07843,1.07763,1.07811,2623,ABOVE,ABOVE,RANGING,RANGING,NONE,+10pips
2017.02.02,5:00,1.07812,1.07931,1.07809,1.07886,4164,ABOVE,ABOVE,RANGING,RANGING,NONE,RANGING
2017.02.02,6:00,1.0789,1.07929,1.07827,1.07842,2525,ABOVE,ABOVE,RANGING,RANGING,NONE,+10pips
2017.02.02,7:00,1.07843,1.07955,1.07842,1.07927,2502,ABOVE,ABOVE,RANGING,RANGING,NONE,-10pips
2017.02.02,8:00,1.07925,1.07953,1.07819,1.07819,2245,ABOVE,ABOVE,RANGING,RANGING,NONE,+10pips
2017.02.02,9:00,1.0782,1.07982,1.07779,1.07927,4209,ABOVE,ABOVE,RANGING,RANGING,NONE,+10pips
2017.02.02,10:00,1.07927,1.08186,1.07881,1.08132,7309,ABOVE,ABOVE,RANGING,RANGING,BULLISH_ENGULFING,-10pips
2017.02.02,11:00,1.08132,1.08168,1.08028,1.08151,5511,ABOVE,ABOVE,RANGING,RANGING,BULLISH_ENGULFING,-10pips
2017.02.02,12:00,1.08152,1.08187,1.0805,1.08098,4806,ABOVE,ABOVE,RANGING,RANGING,NONE,-10pips
2017.02.02,13:00,1.08097,1.08191,1.07942,1.0811,4412,ABOVE,ABOVE,RANGING,RANGING,NONE,-10pips
2017.02.02,14:00,1.08108,1.0815,1.07987,1.08043,6729,ABOVE,ABOVE,RANGING,RANGING,NONE,+10pips
2017.02.02,15:00,1.08043,1.08289,1.08023,1.08144,8224,ABOVE,ABOVE,RANGING,RANGING,NONE,RANGING
2017.02.02,16:00,1.08146,1.08238,1.08046,1.08175,8544,ABOVE,ABOVE,RANGING,RANGING,NONE,-10pips
2017.02.02,17:00,1.08174,1.08192,1.0802,1.08058,6107,BELOW,ABOVE,RANGING,RANGING,NONE,-10pips
2017.02.02,18:00,1.08059,1.08125,1.07944,1.08025,4977,BELOW,ABOVE,RANGING,RANGING,NONE,-10pips
2017.02.02,19:00,1.08026,1.08032,1.07845,1.07878,3949,BELOW,BELOW,RANGING,RANGING,NONE,-10pips
2017.02.02,20:00,1.07879,1.07945,1.07753,1.07756,3244,BELOW,BELOW,DOWNTREND,RANGING,NONE,-10pips
2017.02.02,21:00,1.07757,1.07775,1.07587,1.07647,3133,BELOW,BELOW,DOWNTREND,RANGING,NONE,RANGING
2017.02.02,22:00,1.07646,1.07648,1.07559,1.07625,2311,BELOW,BELOW,DOWNTREND,RANGING,NONE,RANGING
2017.02.02,23:00,1.07625,1.07638,1.07566,1.07571,1225,BELOW,BELOW,DOWNTREND,RANGING,NONE,RANGING
2017.02.03,0:00,1.07579,1.0766,1.07566,1.07613,1963,BELOW,BELOW,RANGING,RANGING,NONE,RANGING
2017.02.03,1:00,1.07614,1.07627,1.07568,1.07617,1382,BELOW,BELOW,RANGING,RANGING,NONE,RANGING
2017.02.03,2:00,1.07618,1.07651,1.07575,1.0761,2416,BELOW,BELOW,RANGING,RANGING,NONE,+10pips
2017.02.03,3:00,1.0761,1.07717,1.07549,1.07695,6164,BELOW,BELOW,RANGING,RANGING,NONE,-10pips
2017.02.03,4:00,1.07696,1.07711,1.07557,1.07603,3950,BELOW,BELOW,RANGING,RANGING,NONE,-10pips
2017.02.03,5:00,1.07603,1.0761,1.07452,1.07551,4443,BELOW,BELOW,RANGING,RANGING,NONE,RANGING
2017.02.03,6:00,1.07551,1.0761,1.07548,1.07576,2821,BELOW,BELOW,RANGING,RANGING,NONE,RANGING
2017.02.03,7:00,1.07578,1.07582,1.07496,1.07577,2780,BELOW,BELOW,RANGING,RANGING,NONE,RANGING
2017.02.03,8:00,1.07577,1.07595,1.07487,1.07589,2006,BELOW,BELOW,RANGING,RANGING,NONE,RANGING
2017.02.03,9:00,1.07589,1.07658,1.07532,1.07577,3017,BELOW,BELOW,RANGING,RANGING,NONE,-10pips
2017.02.03,10:00,1.07576,1.07628,1.07414,1.07441,4793,BELOW,BELOW,RANGING,RANGING,NONE,RANGING
2017.02.03,11:00,1.07442,1.07491,1.07391,1.07415,3552,BELOW,BELOW,RANGING,RANGING,NONE,RANGING
2017.02.03,12:00,1.07415,1.07462,1.07367,1.07386,2697,BELOW,BELOW,DOWNTREND,RANGING,NONE,-10pips
2017.02.03,13:00,1.07389,1.07417,1.07275,1.07308,2853,BELOW,BELOW,DOWNTREND,RANGING,NONE,+10pips
2017.02.03,14:00,1.07307,1.0743,1.07279,1.07348,3365,BELOW,BELOW,RANGING,RANGING,NONE,+10pips
2017.02.03,15:00,1.0735,1.07751,1.07109,1.07559,10960,ABOVE,ABOVE,RANGING,RANGING,NONE,+10pips
2017.02.03,16:00,1.07557,1.07822,1.07556,1.07649,9442,ABOVE,ABOVE,RANGING,RANGING,NONE,+10pips
2017.02.03,17:00,1.07644,1.07977,1.07621,1.07883,8110,ABOVE,ABOVE,UPTREND,RANGING,NONE,-10pips
2017.02.03,18:00,1.07881,1.07926,1.07768,1.07906,4529,ABOVE,ABOVE,UPTREND,RANGING,NONE,-10pips
2017.02.03,19:00,1.07908,1.07942,1.07793,1.07836,2709,ABOVE,ABOVE,RANGING,RANGING,NONE,-10pips
2017.02.03,20:00,1.07837,1.07864,1.07644,1.07684,4564,ABOVE,ABOVE,RANGING,RANGING,NONE,RANGING
2017.02.03,21:00,1.07686,1.0769,1.0759,1.07666,3452,ABOVE,ABOVE,RANGING,RANGING,NONE,+10pips
2017.02.03,22:00,1.07665,1.07811,1.07652,1.07799,2174,ABOVE,ABOVE,RANGING,RANGING,NONE,RANGING
2017.02.03,23:00,1.07797,1.07871,1.07778,1.07858,1985,ABOVE,ABOVE,RANGING,RANGING,NONE,RANGING
2017.02.06,0:00,1.07878,1.07901,1.07816,1.07834,1003,ABOVE,ABOVE,RANGING,RANGING,NONE,RANGING
2017.02.06,1:00,1.07849,1.07881,1.07782,1.07826,1770,ABOVE,ABOVE,RANGING,RANGING,NONE,RANGING
2017.02.06,2:00,1.07826,1.07847,1.07742,1.07844,2739,ABOVE,ABOVE,RANGING,RANGING,NONE,RANGING
2017.02.06,3:00,1.07844,1.07889,1.07796,1.07796,3929,BELOW,ABOVE,RANGING,RANGING,NONE,RANGING
2017.02.06,4:00,1.07798,1.07848,1.07767,1.07779,2892,BELOW,ABOVE,RANGING,RANGING,NONE,RANGING
2017.02.06,5:00,1.07777,1.07831,1.07777,1.07825,1734,ABOVE,ABOVE,RANGING,RANGING,NONE,RANGING
2017.02.06,6:00,1.07826,1.07833,1.07739,1.07758,2125,BELOW,ABOVE,RANGING,RANGING,NONE,RANGING
2017.02.06,7:00,1.07757,1.07785,1.07733,1.07747,1740,BELOW,ABOVE,RANGING,RANGING,NONE,RANGING
2017.02.06,8:00,1.07743,1.07776,1.07678,1.07679,2051,BELOW,BELOW,RANGING,RANGING,NONE,-10pips
2017.02.06,9:00,1.0768,1.07685,1.07478,1.07526,4286,BELOW,BELOW,DOWNTREND,RANGING,NONE,RANGING
2017.02.06,10:00,1.07524,1.07581,1.07433,1.07508,5555,BELOW,BELOW,DOWNTREND,RANGING,NONE,RANGING
2017.02.06,11:00,1.07508,1.07558,1.07425,1.07466,3784,BELOW,BELOW,DOWNTREND,RANGING,NONE,-10pips
2017.02.06,12:00,1.07467,1.07468,1.07341,1.07406,3533,BELOW,BELOW,DOWNTREND,RANGING,NONE,RANGING
2017.02.06,13:00,1.07405,1.0745,1.07333,1.07368,3981,BELOW,BELOW,DOWNTREND,RANGING,NONE,RANGING
2017.02.06,14:00,1.07369,1.0744,1.07304,1.07336,4036,BELOW,BELOW,DOWNTREND,DOWNTREND,NONE,-10pips
2017.02.06,15:00,1.07338,1.07342,1.07084,1.07133,7811,BELOW,BELOW,DOWNTREND,DOWNTREND,NONE,+10pips
2017.02.06,16:00,1.07132,1.07322,1.07057,1.0729,7075,BELOW,BELOW,RANGING,RANGING,NONE,+10pips
2017.02.06,17:00,1.07291,1.07401,1.07133,1.0739,6747,BELOW,BELOW,RANGING,RANGING,NONE,-10pips
2017.02.06,18:00,1.07395,1.07427,1.0729,1.07306,4529,BELOW,BELOW,RANGING,RANGING,NONE,+10pips
2017.02.06,19:00,1.07305,1.07432,1.07292,1.0735,3195,BELOW,BELOW,RANGING,RANGING,NONE,+10pips
2017.02.06,20:00,1.07349,1.07461,1.07292,1.07431,4273,ABOVE,BELOW,RANGING,RANGING,NONE,+10pips
2017.02.06,21:00,1.07429,1.07534,1.0742,1.07476,2890,ABOVE,BELOW,RANGING,RANGING,NONE,RANGING
2017.02.06,22:00,1.07474,1.07552,1.07431,1.07506,2389,ABOVE,ABOVE,UPTREND,RANGING,NONE,RANGING
2017.02.06,23:00,1.07505,1.07541,1.07496,1.07501,918,ABOVE,ABOVE,RANGING,RANGING,NONE,RANGING
2017.02.07,0:00,1.07495,1.07499,1.07402,1.07478,1380,ABOVE,ABOVE,RANGING,RANGING,NONE,RANGING
2017.02.07,1:00,1.07479,1.07492,1.07414,1.07432,1402,ABOVE,BELOW,RANGING,RANGING,NONE,-10pips
2017.02.07,2:00,1.07432,1.07444,1.07262,1.07308,4097,BELOW,BELOW,DOWNTREND,RANGING,NONE,RANGING
2017.02.07,3:00,1.07306,1.07329,1.07212,1.07305,4058,BELOW,BELOW,DOWNTREND,RANGING,NONE,RANGING
2017.02.07,4:00,1.07303,1.07357,1.07227,1.07227,3347,BELOW,BELOW,DOWNTREND,RANGING,NONE,-10pips
2017.02.07,5:00,1.07227,1.07242,1.07043,1.0708,3979,BELOW,BELOW,DOWNTREND,RANGING,NONE,RANGING
2017.02.07,6:00,1.07079,1.07134,1.07057,1.07098,2893,BELOW,BELOW,RANGING,RANGING,NONE,RANGING
2017.02.07,7:00,1.07098,1.07139,1.07072,1.07128,2355,BELOW,BELOW,RANGING,RANGING,NONE,-10pips
2017.02.07,8:00,1.07127,1.07131,1.06914,1.06933,3196,BELOW,BELOW,RANGING,RANGING,NONE,-10pips
2017.02.07,9:00,1.06933,1.06998,1.06809,1.06819,5378,BELOW,BELOW,RANGING,RANGING,NONE,-10pips
2017.02.07,10:00,1.06818,1.06841,1.06614,1.06743,6364,BELOW,BELOW,RANGING,RANGING,NONE,-10pips
2017.02.07,11:00,1.06743,1.06748,1.06562,1.06598,3958,BELOW,BELOW,DOWNTREND,RANGING,NONE,+10pips
2017.02.07,12:00,1.06594,1.06726,1.06576,1.06682,3367,BELOW,BELOW,RANGING,RANGING,NONE,RANGING
2017.02.07,13:00,1.06681,1.06743,1.06618,1.06719,3477,BELOW,BELOW,RANGING,RANGING,NONE,+10pips
2017.02.07,14:00,1.0672,1.06861,1.06719,1.06768,3710,BELOW,BELOW,RANGING,RANGING,NONE,-10pips
2017.02.07,15:00,1.06769,1.06787,1.06645,1.06758,3810,BELOW,BELOW,RANGING,RANGING,NONE,RANGING
2017.02.07,16:00,1.06759,1.06797,1.06682,1.06721,4915,BELOW,BELOW,RANGING,RANGING,NONE,+10pips
2017.02.07,17:00,1.06722,1.06879,1.06628,1.06854,5220,ABOVE,BELOW,RANGING,RANGING,NONE,RANGING
2017.02.07,18:00,1.06855,1.06941,1.06802,1.069,5345,ABOVE,BELOW,RANGING,RANGING,NONE,+10pips
2017.02.07,19:00,1.06899,1.07039,1.06874,1.06921,3784,ABOVE,BELOW,RANGING,RANGING,NONE,+10pips
2017.02.07,20:00,1.06923,1.07063,1.06912,1.06943,3379,ABOVE,BELOW,UPTREND,RANGING,NONE,RANGING
2017.02.07,21:00,1.06943,1.06962,1.06886,1.06962,2185,ABOVE,ABOVE,UPTREND,RANGING,NONE,RANGING
2017.02.07,22:00,1.06961,1.06975,1.06873,1.06886,1661,ABOVE,BELOW,RANGING,RANGING,NONE,-10pips
2017.02.07,23:00,1.06885,1.06887,1.06773,1.06821,1730,BELOW,BELOW,RANGING,RANGING,NONE,RANGING
2017.02.08,0:00,1.06824,1.06833,1.06756,1.06798,1684,BELOW,BELOW,RANGING,RANGING,BEARISH_ENGULFING,RANGING
2017.02.08,1:00,1.06803,1.06824,1.06752,1.06789,1462,BELOW,BELOW,DOWNTREND,RANGING,BEARISH_ENGULFING,-10pips
2017.02.08,2:00,1.06788,1.06797,1.06678,1.0678,2772,BELOW,BELOW,DOWNTREND,RANGING,NONE,+10pips
2017.02.08,3:00,1.06782,1.06911,1.06711,1.06851,5157,BELOW,ABOVE,RANGING,RANGING,NONE,RANGING
2017.02.08,4:00,1.06852,1.0691,1.06821,1.0686,2804,BELOW,ABOVE,RANGING,RANGING,NONE,RANGING
2017.02.08,5:00,1.06861,1.06895,1.06826,1.0689,1811,ABOVE,ABOVE,RANGING,RANGING,NONE,-10pips
2017.02.08,6:00,1.0689,1.06895,1.06735,1.06774,2515,BELOW,BELOW,RANGING,RANGING,BEARISH_ENGULFING,RANGING
2017.02.08,7:00,1.06774,1.06813,1.06758,1.06771,1893,BELOW,BELOW,RANGING,RANGING,NONE,-10pips
2017.02.08,8:00,1.06769,1.06805,1.06661,1.06665,2066,BELOW,BELOW,RANGING,RANGING,NONE,-10pips
2017.02.08,9:00,1.06664,1.06719,1.06549,1.06586,4321,BELOW,BELOW,DOWNTREND,RANGING,NONE,-10pips
2017.02.08,10:00,1.06585,1.0664,1.06429,1.06599,5954,BELOW,BELOW,RANGING,RANGING,NONE,-10pips
2017.02.08,11:00,1.06599,1.06615,1.06407,1.06443,4093,BELOW,BELOW,RANGING,RANGING,BEARISH_ENGULFING,+10pips
2017.02.08,12:00,1.06444,1.06548,1.06426,1.06463,3137,BELOW,BELOW,RANGING,RANGING,BEARISH_ENGULFING,RANGING
2017.02.08,13:00,1.06464,1.06497,1.06417,1.06492,2987,BELOW,BELOW,RANGING,RANGING,NONE,RANGING
2017.02.08,14:00,1.06491,1.06591,1.06461,1.06589,3673,BELOW,BELOW,RANGING,RANGING,NONE,+10pips
2017.02.08,15:00,1.06587,1.06767,1.06538,1.06701,5428,ABOVE,BELOW,UPTREND,RANGING,NONE,+10pips
2017.02.08,16:00,1.06703,1.07088,1.06703,1.06995,8255,ABOVE,ABOVE,UPTREND,RANGING,NONE,-10pips
2017.02.08,17:00,1.06993,1.07084,1.06869,1.0707,7604,ABOVE,ABOVE,UPTREND,RANGING,NONE,RANGING
2017.02.08,18:00,1.07071,1.0714,1.06986,1.07068,5592,ABOVE,ABOVE,RANGING,RANGING,NONE,-10pips
2017.02.08,19:00,1.07067,1.07082,1.06944,1.06968,4128,ABOVE,ABOVE,RANGING,RANGING,NONE,-10pips
2017.02.08,20:00,1.06968,1.0697,1.06788,1.06809,5062,ABOVE,ABOVE,RANGING,RANGING,NONE,RANGING
2017.02.08,21:00,1.0681,1.06875,1.06788,1.06864,2198,ABOVE,ABOVE,RANGING,RANGING,NONE,RANGING
2017.02.08,22:00,1.06862,1.06899,1.06842,1.06879,2490,ABOVE,ABOVE,RANGING,RANGING,NONE,+10pips
2017.02.08,23:00,1.06879,1.06983,1.06869,1.06983,1234,ABOVE,ABOVE,RANGING,RANGING,NONE,RANGING
2017.02.09,0:00,1.06976,1.06987,1.06921,1.06953,2022,ABOVE,ABOVE,RANGING,RANGING,NONE,RANGING
2017.02.09,1:00,1.06951,1.06969,1.06907,1.06914,1626,BELOW,ABOVE,RANGING,RANGING,NONE,RANGING
2017.02.09,2:00,1.06915,1.06956,1.06832,1.06877,3312,BELOW,ABOVE,RANGING,RANGING,NONE,RANGING
2017.02.09,3:00,1.06875,1.06887,1.06816,1.06853,3320,BELOW,ABOVE,DOWNTREND,RANGING,NONE,RANGING
2017.02.09,4:00,1.06852,1.06858,1.06777,1.06854,3428,BELOW,ABOVE,RANGING,RANGING,NONE,RANGING
2017.02.09,5:00,1.06855,1.0695,1.06842,1.06897,2924,ABOVE,ABOVE,RANGING,RANGING,NONE,RANGING
2017.02.09,6:00,1.06898,1.06899,1.06851,1.06878,2627,BELOW,ABOVE,RANGING,RANGING,NONE,-10pips
2017.02.09,7:00,1.06877,1.06895,1.06766,1.06808,2761,BELOW,BELOW,RANGING,RANGING,NONE,RANGING
2017.02.09,8:00,1.06807,1.06837,1.06718,1.06727,1825,BELOW,BELOW,RANGING,RANGING,NONE,RANGING
2017.02.09,9:00,1.06731,1.06809,1.06703,1.06793,3556,BELOW,BELOW,RANGING,RANGING,NONE,+10pips
2017.02.09,10:00,1.06793,1.07071,1.06782,1.06994,4948,ABOVE,ABOVE,RANGING,RANGING,NONE,+10pips
2017.02.09,11:00,1.06994,1.07096,1.06957,1.07022,3086,ABOVE,ABOVE,RANGING,RANGING,NONE,-10pips
2017.02.09,12:00,1.07022,1.07022,1.06907,1.06917,2771,ABOVE,ABOVE,RANGING,RANGING,NONE,-10pips
2017.02.09,13:00,1.06916,1.06936,1.06745,1.06806,4566,BELOW,BELOW,RANGING,RANGING,NONE,RANGING
2017.02.09,14:00,1.06808,1.06876,1.06771,1.06844,3730,BELOW,BELOW,RANGING,RANGING,NONE,+10pips
2017.02.09,15:00,1.06848,1.06958,1.06734,1.06819,5326,BELOW,BELOW,RANGING,RANGING,NONE,+10pips
2017.02.09,16:00,1.06817,1.06941,1.06621,1.06657,6486,BELOW,BELOW,RANGING,RANGING,NONE,+10pips
2017.02.09,17:00,1.06655,1.06805,1.06561,1.06645,9714,BELOW,BELOW,RANGING,RANGING,NONE,-10pips
2017.02.09,18:00,1.06647,1.06719,1.06537,1.06571,5778,BELOW,BELOW,DOWNTREND,RANGING,NONE,RANGING
2017.02.09,19:00,1.06573,1.06645,1.06559,1.06571,3235,BELOW,BELOW,RANGING,RANGING,NONE,RANGING
2017.02.09,20:00,1.0657,1.06617,1.06509,1.06603,3517,BELOW,BELOW,RANGING,RANGING,NONE,RANGING
2017.02.09,21:00,1.06604,1.06635,1.06561,1.06583,2452,BELOW,BELOW,RANGING,RANGING,NONE,RANGING
2017.02.09,22:00,1.06581,1.06648,1.06558,1.06625,1721,BELOW,BELOW,RANGING,RANGING,NONE,RANGING
2017.02.09,23:00,1.06626,1.06648,1.06548,1.06556,1018,BELOW,BELOW,RANGING,RANGING,NONE,RANGING
2017.02.10,0:00,1.0654,1.06607,1.06537,1.06543,965,BELOW,BELOW,RANGING,RANGING,NONE,RANGING
2017.02.10,1:00,1.06541,1.06589,1.06539,1.06572,1968,BELOW,BELOW,RANGING,RANGING,NONE,RANGING
2017.02.10,2:00,1.06572,1.06628,1.06496,1.06552,4243,BELOW,BELOW,RANGING,RANGING,NONE,+10pips
2017.02.10,3:00,1.06554,1.06674,1.06554,1.06611,4475,ABOVE,BELOW,RANGING,RANGING,NONE,RANGING
2017.02.10,4:00,1.06611,1.06636,1.06572,1.06595,2680,ABOVE,BELOW,RANGING,RANGING,NONE,RANGING
2017.02.10,5:00,1.06597,1.06678,1.06595,1.06622,2759,ABOVE,BELOW,RANGING,RANGING,NONE,RANGING
2017.02.10,6:00,1.06624,1.06629,1.06586,1.06621,1925,ABOVE,BELOW,RANGING,RANGING,NONE,-10pips
2017.02.10,7:00,1.06621,1.06623,1.06516,1.06531,1912,BELOW,BELOW,RANGING,RANGING,NONE,RANGING
2017.02.10,8:00,1.06531,1.06599,1.06505,1.06593,1586,ABOVE,BELOW,RANGING,RANGING,NONE,-10pips
2017.02.10,9:00,1.06593,1.06637,1.06393,1.06399,3807,BELOW,BELOW,RANGING,RANGING,NONE,RANGING
2017.02.10,10:00,1.06397,1.06457,1.06361,1.06399,4362,BELOW,BELOW,RANGING,RANGING,NONE,RANGING
2017.02.10,11:00,1.06401,1.06462,1.06382,1.06423,3805,BELOW,BELOW,RANGING,RANGING,NONE,RANGING
2017.02.10,12:00,1.06421,1.06484,1.06379,1.06448,2796,BELOW,BELOW,RANGING,RANGING,NONE,RANGING
2017.02.10,13:00,1.06447,1.06499,1.06392,1.06397,3112,BELOW,BELOW,RANGING,RANGING,NONE,-10pips
2017.02.10,14:00,1.06396,1.06428,1.06263,1.06267,4072,BELOW,BELOW,RANGING,RANGING,NONE,-10pips
2017.02.10,15:00,1.06268,1.063,1.06164,1.06194,5165,BELOW,BELOW,RANGING,RANGING,NONE,-10pips
2017.02.10,16:00,1.06193,1.06246,1.06077,1.0622,5762,BELOW,BELOW,RANGING,RANGING,NONE,+10pips
2017.02.10,17:00,1.06221,1.06394,1.06186,1.06245,6266,BELOW,BELOW,RANGING,RANGING,NONE,+10pips
2017.02.10,18:00,1.06246,1.06523,1.06219,1.06491,6304,ABOVE,ABOVE,RANGING,RANGING,NONE,-10pips
2017.02.10,19:00,1.06492,1.06521,1.06327,1.06343,3805,ABOVE,BELOW,RANGING,RANGING,NONE,+10pips
2017.02.10,20:00,1.06345,1.06531,1.06272,1.06314,6511,BELOW,BELOW,RANGING,RANGING,NONE,RANGING
2017.02.10,21:00,1.06315,1.06339,1.06256,1.06328,2883,ABOVE,BELOW,RANGING,RANGING,NONE,RANGING
2017.02.10,22:00,1.06327,1.06387,1.06303,1.06377,1756,ABOVE,BELOW,RANGING,RANGING,NONE,RANGING
2017.02.10,23:00,1.06376,1.06393,1.06331,1.06389,1585,ABOVE,BELOW,RANGING,RANGING,NONE,-10pips
2017.02.13,0:00,1.06261,1.0637,1.06259,1.06311,1115,BELOW,BELOW,RANGING,RANGING,NONE,-10pips
2017.02.13,1:00,1.06311,1.06311,1.06175,1.06188,2224,BELOW,BELOW,RANGING,RANGING,NONE,RANGING
2017.02.13,2:00,1.06188,1.06232,1.06119,1.06214,4422,BELOW,BELOW,RANGING,RANGING,NONE,RANGING
2017.02.13,3:00,1.06216,1.06269,1.06199,1.06208,4156,BELOW,BELOW,RANGING,RANGING,NONE,RANGING
2017.02.13,4:00,1.06208,1.06217,1.0615,1.06156,3265,BELOW,BELOW,RANGING,RANGING,NONE,RANGING
2017.02.13,5:00,1.06157,1.06217,1.06139,1.06189,2408,BELOW,BELOW,RANGING,RANGING,NONE,RANGING
2017.02.13,6:00,1.06191,1.06231,1.06174,1.06226,2131,BELOW,BELOW,RANGING,RANGING,NONE,RANGING
2017.02.13,7:00,1.06226,1.06301,1.06207,1.06282,2457,ABOVE,BELOW,RANGING,RANGING,NONE,RANGING
2017.02.13,8:00,1.06281,1.06351,1.06265,1.06304,2470,ABOVE,ABOVE,UPTREND,RANGING,NONE,+10pips
2017.02.13,9:00,1.06303,1.06441,1.0628,1.06429,3319,ABOVE,ABOVE,UPTREND,RANGING,NONE,+10pips
2017.02.13,10:00,1.06427,1.06585,1.06418,1.06489,4082,ABOVE,ABOVE,UPTREND,RANGING,NONE,-10pips
2017.02.13,11:00,1.06488,1.065,1.06373,1.06374,3326,ABOVE,ABOVE,RANGING,RANGING,NONE,RANGING
2017.02.13,12:00,1.06374,1.0646,1.06338,1.06396,2699,ABOVE,ABOVE,RANGING,RANGING,NONE,RANGING
2017.02.13,13:00,1.06397,1.06469,1.06356,1.06414,2836,ABOVE,ABOVE,RANGING,RANGING,NONE,-10pips
2017.02.13,14:00,1.06414,1.06469,1.063,1.06323,3194,BELOW,ABOVE,RANGING,RANGING,NONE,-10pips
2017.02.13,15:00,1.06324,1.06334,1.06207,1.06237,4683,BELOW,BELOW,RANGING,RANGING,NONE,-10pips
2017.02.13,16:00,1.06238,1.06248,1.05998,1.06018,5583,BELOW,BELOW,RANGING,RANGING,NONE,RANGING
2017.02.13,17:00,1.06017,1.06077,1.0592,1.06044,5512,BELOW,BELOW,RANGING,RANGING,NONE,-10pips
2017.02.13,18:00,1.06043,1.06092,1.05941,1.06023,4770,BELOW,BELOW,RANGING,RANGING,NONE,RANGING
2017.02.13,19:00,1.06024,1.06071,1.05955,1.05958,3585,BELOW,BELOW,RANGING,RANGING,NONE,RANGING
2017.02.13,20:00,1.05959,1.06052,1.05951,1.06033,2965,BELOW,BELOW,RANGING,RANGING,NONE,RANGING
2017.02.13,21:00,1.06033,1.06059,1.05965,1.05989,2788,BELOW,BELOW,RANGING,RANGING,NONE,RANGING
2017.02.13,22:00,1.05991,1.06016,1.05951,1.05958,1832,BELOW,BELOW,RANGING,RANGING,NONE,RANGING
2017.02.13,23:00,1.05957,1.05988,1.05957,1.05964,829,BELOW,BELOW,RANGING,RANGING,NONE,RANGING
2017.02.14,0:00,1.05973,1.05982,1.05925,1.05959,1046,BELOW,BELOW,RANGING,RANGING,NONE,RANGING
2017.02.14,1:00,1.05957,1.0599,1.05929,1.05987,1523,BELOW,BELOW,RANGING,RANGING,NONE,+10pips
2017.02.14,2:00,1.05989,1.0609,1.05962,1.06004,2830,ABOVE,BELOW,RANGING,RANGING,NONE,RANGING
2017.02.14,3:00,1.06003,1.06061,1.05931,1.05957,3173,BELOW,BELOW,RANGING,RANGING,NONE,RANGING
2017.02.14,4:00,1.05958,1.05988,1.05913,1.05984,2292,ABOVE,BELOW,RANGING,RANGING,NONE,RANGING
2017.02.14,5:00,1.05983,1.06041,1.05983,1.0604,2336,ABOVE,BELOW,RANGING,RANGING,NONE,RANGING
2017.02.14,6:00,1.0604,1.06122,1.06039,1.06107,2897,ABOVE,ABOVE,RANGING,RANGING,NONE,+10pips
2017.02.14,7:00,1.06107,1.0623,1.06098,1.06193,2687,ABOVE,ABOVE,UPTREND,RANGING,NONE,RANGING
2017.02.14,8:00,1.06199,1.06239,1.06147,1.06224,2702,ABOVE,ABOVE,UPTREND,RANGING,NONE,-10pips
2017.02.14,9:00,1.06221,1.06226,1.06067,1.06074,3568,ABOVE,ABOVE,RANGING,RANGING,NONE,+10pips
2017.02.14,10:00,1.06073,1.06333,1.06069,1.06311,5129,ABOVE,ABOVE,RANGING,RANGING,NONE,-10pips
2017.02.14,11:00,1.0631,1.0632,1.0614,1.06177,4702,ABOVE,ABOVE,RANGING,RANGING,NONE,RANGING
2017.02.14,12:00,1.06174,1.0621,1.06081,1.06175,4168,ABOVE,ABOVE,RANGING,RANGING,NONE,+10pips
2017.02.14,13:00,1.06174,1.06334,1.06155,1.06284,3011,ABOVE,ABOVE,RANGING,RANGING,NONE,RANGING
2017.02.14,14:00,1.06285,1.06303,1.06208,1.06218,3228,ABOVE,ABOVE,RANGING,RANGING,NONE,-10pips
2017.02.14,15:00,1.06221,1.06255,1.06108,1.0613,5589,BELOW,ABOVE,RANGING,RANGING,NONE,-10pips
2017.02.14,16:00,1.0613,1.06149,1.06017,1.06095,5680,BELOW,ABOVE,RANGING,RANGING,NONE,-10pips
2017.02.14,17:00,1.06102,1.06144,1.05612,1.0564,13363,BELOW,BELOW,DOWNTREND,RANGING,NONE,+10pips
2017.02.14,18:00,1.05641,1.0581,1.05608,1.05767,6577,BELOW,BELOW,RANGING,RANGING,NONE,-10pips
2017.02.14,19:00,1.05767,1.05772,1.0564,1.0565,3863,BELOW,BELOW,RANGING,RANGING,NONE,RANGING
2017.02.14,20:00,1.05651,1.05739,1.05617,1.05699,3088,BELOW,BELOW,RANGING,RANGING,NONE,RANGING
2017.02.14,21:00,1.05699,1.05762,1.05674,1.05734,2934,BELOW,BELOW,RANGING,RANGING,NONE,RANGING
2017.02.14,22:00,1.05737,1.0576,1.057,1.05756,2450,BELOW,BELOW,RANGING,RANGING,NONE,RANGING
2017.02.14,23:00,1.05758,1.058,1.05748,1.05788,1323,BELOW,BELOW,UPTREND,RANGING,NONE,RANGING
2017.02.15,0:00,1.05743,1.05798,1.05736,1.0577,1577,BELOW,BELOW,RANGING,RANGING,NONE,RANGING
2017.02.15,1:00,1.0577,1.05795,1.05742,1.05782,1632,ABOVE,BELOW,RANGING,RANGING,NONE,-10pips
2017.02.15,2:00,1.05783,1.05785,1.05668,1.05687,3486,BELOW,BELOW,RANGING,RANGING,NONE,RANGING
2017.02.15,3:00,1.05685,1.05771,1.05652,1.05736,4072,BELOW,BELOW,RANGING,RANGING,NONE,RANGING
2017.02.15,4:00,1.05734,1.05765,1.05684,1.05746,3243,ABOVE,BELOW,RANGING,RANGING,NONE,RANGING
2017.02.15,5:00,1.05747,1.0584,1.05737,1.05835,3530,ABOVE,BELOW,RANGING,RANGING,NONE,RANGING
2017.02.15,6:00,1.05835,1.05863,1.05753,1.05764,3426,ABOVE,BELOW,RANGING,RANGING,NONE,RANGING
2017.02.15,7:00,1.05764,1.0582,1.0576,1.05789,3308,ABOVE,BELOW,RANGING,RANGING,NONE,RANGING
2017.02.15,8:00,1.05789,1.05823,1.05765,1.05801,2117,ABOVE,BELOW,RANGING,RANGING,NONE,-10pips
2017.02.15,9:00,1.058,1.05803,1.0569,1.05744,3433,BELOW,BELOW,RANGING,RANGING,NONE,-10pips
2017.02.15,10:00,1.05743,1.05747,1.05525,1.05625,5265,BELOW,BELOW,RANGING,RANGING,NONE,-10pips
2017.02.15,11:00,1.05624,1.05624,1.05475,1.05558,4271,BELOW,BELOW,RANGING,RANGING,NONE,-10pips
2017.02.15,12:00,1.05557,1.05581,1.05427,1.05528,3440,BELOW,BELOW,DOWNTREND,RANGING,NONE,RANGING
2017.02.15,13:00,1.05528,1.05611,1.05479,1.05572,3183,BELOW,BELOW,RANGING,RANGING,NONE,RANGING
2017.02.15,14:00,1.0557,1.05608,1.05502,1.05532,3457,BELOW,BELOW,RANGING,RANGING,NONE,-10pips
2017.02.15,15:00,1.05538,1.05582,1.05214,1.05341,7399,BELOW,BELOW,RANGING,RANGING,NONE,+10pips
2017.02.15,16:00,1.05343,1.0565,1.05315,1.05609,7369,BELOW,BELOW,RANGING,RANGING,NONE,+10pips
2017.02.15,17:00,1.05609,1.05805,1.05599,1.05736,9192,ABOVE,ABOVE,RANGING,RANGING,NONE,+10pips
2017.02.15,18:00,1.05738,1.06094,1.05726,1.05966,7756,ABOVE,ABOVE,RANGING,RANGING,NONE,-10pips
2017.02.15,19:00,1.05966,1.06058,1.05809,1.05838,5065,ABOVE,ABOVE,RANGING,RANGING,NONE,RANGING
2017.02.15,20:00,1.05837,1.05914,1.05808,1.05896,3092,ABOVE,ABOVE,RANGING,RANGING,NONE,RANGING
2017.02.15,21:00,1.05894,1.05924,1.05821,1.05894,2467,ABOVE,ABOVE,RANGING,RANGING,NONE,+10pips
2017.02.15,22:00,1.05895,1.06042,1.05877,1.06021,2450,ABOVE,ABOVE,RANGING,RANGING,NONE,RANGING
2017.02.15,23:00,1.0602,1.06069,1.05981,1.05988,1315,ABOVE,ABOVE,RANGING,RANGING,NONE,RANGING
2017.02.16,0:00,1.05991,1.06026,1.0591,1.05923,1237,ABOVE,ABOVE,RANGING,RANGING,NONE,+10pips
2017.02.16,1:00,1.05924,1.06071,1.05924,1.06031,2350,ABOVE,ABOVE,RANGING,RANGING,NONE,+10pips
2017.02.16,2:00,1.0603,1.06231,1.06007,1.0621,4984,ABOVE,ABOVE,RANGING,RANGING,NONE,-10pips
2017.02.16,3:00,1.06209,1.06235,1.06107,1.06213,4441,ABOVE,ABOVE,RANGING,RANGING,NONE,RANGING
2017.02.16,4:00,1.06214,1.06232,1.06118,1.06133,3648,ABOVE,ABOVE,RANGING,RANGING,NONE,RANGING
2017.02.16,5:00,1.06135,1.06186,1.06132,1.06133,2841,ABOVE,ABOVE,RANGING,RANGING,NONE,RANGING
2017.02.16,6:00,1.06134,1.06167,1.06128,1.06153,1928,ABOVE,ABOVE,RANGING,RANGING,NONE,RANGING
2017.02.16,7:00,1.06153,1.06243,1.06132,1.06208,2201,ABOVE,ABOVE,RANGING,RANGING,NONE,-10pips
2017.02.16,8:00,1.06208,1.06213,1.06064,1.06078,2852,BELOW,ABOVE,RANGING,RANGING,NONE,RANGING
2017.02.16,9:00,1.0608,1.06124,1.05999,1.06119,3474,BELOW,ABOVE,RANGING,RANGING,NONE,+10pips
2017.02.16,10:00,1.06116,1.06376,1.06104,1.06349,5990,ABOVE,ABOVE,RANGING,RANGING,NONE,RANGING
2017.02.16,11:00,1.06348,1.06414,1.063,1.06396,4328,ABOVE,ABOVE,RANGING,RANGING,NONE,-10pips
2017.02.16,12:00,1.06395,1.06399,1.06242,1.06315,3769,ABOVE,ABOVE,RANGING,RANGING,NONE,RANGING
2017.02.16,13:00,1.06313,1.06388,1.06254,1.06339,3377,ABOVE,ABOVE,RANGING,RANGING,NONE,+10pips
2017.02.16,14:00,1.06337,1.0645,1.06302,1.06409,4308,ABOVE,ABOVE,RANGING,RANGING,NONE,+10pips
2017.02.16,15:00,1.06407,1.06556,1.06346,1.06368,7565,ABOVE,ABOVE,RANGING,RANGING,NONE,+10pips
2017.02.16,16:00,1.06369,1.06607,1.0633,1.06588,6922,ABOVE,ABOVE,RANGING,RANGING,NONE,+10pips
2017.02.16,17:00,1.06587,1.06764,1.0655,1.06681,8087,ABOVE,ABOVE,RANGING,RANGING,NONE,+10pips
2017.02.16,18:00,1.06686,1.06794,1.06586,1.06598,6596,ABOVE,ABOVE,RANGING,RANGING,NONE,-10pips
2017.02.16,19:00,1.06597,1.06648,1.06475,1.06529,4209,ABOVE,ABOVE,RANGING,RANGING,NONE,+10pips
2017.02.16,20:00,1.0653,1.06655,1.06497,1.0663,3888,ABOVE,ABOVE,RANGING,RANGING,NONE,+10pips
2017.02.16,21:00,1.06628,1.06766,1.0659,1.06762,3090,ABOVE,ABOVE,RANGING,RANGING,BULLISH_ENGULFING,RANGING
2017.02.16,22:00,1.06761,1.06777,1.06694,1.06736,2647,ABOVE,ABOVE,RANGING,RANGING,BULLISH_ENGULFING,RANGING
2017.02.16,23:00,1.06734,1.06769,1.06713,1.06744,1225,ABOVE,ABOVE,RANGING,RANGING,NONE,RANGING
2017.02.17,0:00,1.06723,1.06748,1.06665,1.0668,1292,ABOVE,ABOVE,RANGING,RANGING,NONE,RANGING
2017.02.17,1:00,1.06686,1.06736,1.06686,1.06712,1614,ABOVE,ABOVE,RANGING,RANGING,NONE,RANGING
2017.02.17,2:00,1.06705,1.06747,1.06613,1.06681,3716,ABOVE,ABOVE,RANGING,RANGING,NONE,RANGING
2017.02.17,3:00,1.0668,1.06745,1.06672,1.06714,2993,ABOVE,ABOVE,RANGING,RANGING,BULLISH_ENGULFING,RANGING
2017.02.17,4:00,1.06713,1.06748,1.06695,1.06723,1930,ABOVE,ABOVE,RANGING,RANGING,NONE,RANGING
2017.02.17,5:00,1.06723,1.06768,1.06703,1.06742,2410,ABOVE,ABOVE,RANGING,RANGING,NONE,RANGING
2017.02.17,6:00,1.06741,1.06747,1.06721,1.06746,1904,ABOVE,ABOVE,UPTREND,RANGING,NONE,RANGING
2017.02.17,7:00,1.06746,1.06756,1.06692,1.06714,2133,BELOW,ABOVE,RANGING,RANGING,NONE,RANGING
2017.02.17,8:00,1.06714,1.06734,1.06652,1.06667,2547,BELOW,ABOVE,RANGING,RANGING,NONE,-10pips
2017.02.17,9:00,1.06665,1.06734,1.06546,1.06554,3821,BELOW,BELOW,RANGING,RANGING,NONE,-10pips
2017.02.17,10:00,1.06551,1.06589,1.06408,1.06482,5415,BELOW,BELOW,DOWNTREND,RANGING,NONE,-10pips
2017.02.17,11:00,1.06481,1.06534,1.06372,1.06434,6296,BELOW,BELOW,DOWNTREND,RANGING,NONE,RANGING
2017.02.17,12:00,1.06433,1.06524,1.064,1.06449,4778,BELOW,BELOW,RANGING,RANGING,NONE,RANGING
2017.02.17,13:00,1.06448,1.06502,1.06417,1.06467,3828,BELOW,BELOW,RANGING,RANGING,NONE,+10pips
2017.02.17,14:00,1.06466,1.06578,1.06448,1.0647,4314,BELOW,BELOW,RANGING,RANGING,NONE,+10pips
2017.02.17,15:00,1.06471,1.0658,1.06446,1.06553,4639,BELOW,BELOW,UPTREND,RANGING,NONE,+10pips
2017.02.17,16:00,1.06551,1.06671,1.06444,1.06462,6292,BELOW,BELOW,RANGING,RANGING,NONE,-10pips
2017.02.17,17:00,1.06463,1.06507,1.06238,1.0626,6924,BELOW,BELOW,RANGING,RANGING,NONE,-10pips
2017.02.17,18:00,1.06263,1.06339,1.06121,1.06142,5500,BELOW,BELOW,RANGING,RANGING,NONE,RANGING
2017.02.17,19:00,1.06141,1.06201,1.06126,1.06143,3203,BELOW,BELOW,RANGING,RANGING,NONE,RANGING
2017.02.17,20:00,1.06141,1.06167,1.06072,1.06112,2303,BELOW,BELOW,RANGING,RANGING,NONE,RANGING
2017.02.17,21:00,1.06113,1.06142,1.06053,1.0606,1953,BELOW,BELOW,RANGING,RANGING,NONE,RANGING
2017.02.17,22:00,1.06061,1.0612,1.06058,1.06083,1813,BELOW,BELOW,RANGING,RANGING,NONE,RANGING
2017.02.17,23:00,1.06084,1.06157,1.06071,1.06093,1616,BELOW,BELOW,RANGING,RANGING,NONE,+10pips
2017.02.20,0:00,1.06053,1.06253,1.06052,1.06207,1439,BELOW,BELOW,RANGING,RANGING,NONE,+10pips
2017.02.20,1:00,1.06206,1.06329,1.06184,1.06251,3838,ABOVE,BELOW,UPTREND,RANGING,NONE,-10pips
2017.02.20,2:00,1.0625,1.06268,1.06151,1.06191,4082,ABOVE,BELOW,RANGING,RANGING,NONE,-10pips
2017.02.20,3:00,1.06191,1.062,1.06032,1.06095,3953,BELOW,BELOW,RANGING,RANGING,NONE,RANGING
2017.02.20,4:00,1.06096,1.06118,1.06053,1.06106,3639,BELOW,BELOW,RANGING,RANGING,NONE,RANGING
2017.02.20,5:00,1.06107,1.06145,1.06093,1.0613,2015,BELOW,BELOW,RANGING,RANGING,NONE,RANGING
2017.02.20,6:00,1.0613,1.06183,1.06116,1.06183,1871,ABOVE,BELOW,RANGING,RANGING,NONE,RANGING
2017.02.20,7:00,1.06182,1.06199,1.0613,1.06143,2393,BELOW,BELOW,RANGING,RANGING,NONE,RANGING
2017.02.20,8:00,1.06141,1.0615,1.06046,1.06149,3121,BELOW,BELOW,RANGING,RANGING,NONE,+10pips
2017.02.20,9:00,1.0615,1.06271,1.06122,1.06167,3106,ABOVE,BELOW,RANGING,RANGING,NONE,RANGING
2017.02.20,10:00,1.06166,1.06248,1.06128,1.06225,3811,ABOVE,ABOVE,RANGING,RANGING,NONE,RANGING
2017.02.20,11:00,1.06224,1.06299,1.06197,1.06224,3829,ABOVE,ABOVE,RANGING,RANGING,NONE,RANGING
2017.02.20,12:00,1.06222,1.06249,1.06137,1.06201,2576,ABOVE,ABOVE,RANGING,RANGING,NONE,RANGING
2017.02.20,13:00,1.06202,1.06247,1.06173,1.06236,2551,ABOVE,ABOVE,RANGING,RANGING,NONE,-10pips
2017.02.20,14:00,1.06238,1.06288,1.06071,1.06097,3653,BELOW,BELOW,RANGING,RANGING,NONE,+10pips
2017.02.20,15:00,1.06098,1.06223,1.06087,1.06208,2513,ABOVE,ABOVE,RANGING,RANGING,NONE,RANGING
2017.02.20,16:00,1.06211,1.06246,1.06133,1.06225,2856,ABOVE,ABOVE,RANGING,RANGING,NONE,RANGING
2017.02.20,17:00,1.06219,1.06272,1.06175,1.06207,2386,ABOVE,ABOVE,RANGING,RANGING,NONE,RANGING
2017.02.20,18:00,1.06208,1.06248,1.06185,1.06196,1747,BELOW,ABOVE,RANGING,RANGING,NONE,-10pips
2017.02.20,19:00,1.06196,1.06208,1.06073,1.06097,1604,BELOW,BELOW,RANGING,RANGING,NONE,RANGING
2017.02.20,20:00,1.06098,1.06127,1.06084,1.06111,1071,BELOW,BELOW,RANGING,RANGING,NONE,RANGING
2017.02.20,21:00,1.06111,1.06174,1.06108,1.06142,3302,BELOW,BELOW,RANGING,RANGING,NONE,RANGING
2017.02.20,22:00,1.06138,1.06166,1.06112,1.06142,3728,BELOW,BELOW,RANGING,RANGING,NONE,RANGING
2017.02.20,23:00,1.06142,1.06159,1.06101,1.06112,1311,BELOW,BELOW,RANGING,RANGING,NONE,RANGING
2017.02.21,0:00,1.06108,1.06154,1.061,1.06136,1186,BELOW,BELOW,RANGING,RANGING,NONE,RANGING
2017.02.21,1:00,1.06131,1.06148,1.06084,1.06088,1194,BELOW,BELOW,RANGING,RANGING,NONE,-10pips
2017.02.21,2:00,1.06087,1.06127,1.0586,1.05901,4318,BELOW,BELOW,RANGING,RANGING,NONE,RANGING
2017.02.21,3:00,1.05902,1.05909,1.05809,1.05847,4232,BELOW,BELOW,RANGING,RANGING,NONE,RANGING
2017.02.21,4:00,1.05848,1.05883,1.05787,1.05824,2738,BELOW,BELOW,DOWNTREND,RANGING,NONE,RANGING
2017.02.21,5:00,1.05822,1.05834,1.05782,1.05797,3103,BELOW,BELOW,DOWNTREND,RANGING,NONE,RANGING
2017.02.21,6:00,1.05796,1.05828,1.05771,1.05811,2026,BELOW,BELOW,RANGING,RANGING,NONE,RANGING
2017.02.21,7:00,1.05812,1.05869,1.05806,1.0585,2045,BELOW,BELOW,RANGING,RANGING,NONE,RANGING
2017.02.21,8:00,1.05854,1.05892,1.0584,1.05885,2336,BELOW,BELOW,RANGING,RANGING,NONE,-10pips
2017.02.21,9:00,1.05888,1.05888,1.05742,1.05778,3576,BELOW,BELOW,RANGING,RANGING,NONE,-10pips
2017.02.21,10:00,1.05779,1.05779,1.05576,1.05652,5053,BELOW,BELOW,RANGING,RANGING,NONE,-10pips
2017.02.21,11:00,1.0565,1.05677,1.05419,1.05427,5449,BELOW,BELOW,RANGING,RANGING,NONE,RANGING
2017.02.21,12:00,1.05425,1.05455,1.05332,1.05386,4118,BELOW,BELOW,DOWNTREND,RANGING,NONE,RANGING
2017.02.21,13:00,1.05387,1.05458,1.05322,1.05427,3905,BELOW,BELOW,RANGING,RANGING,NONE,-10pips
2017.02.21,14:00,1.05427,1.05437,1.05312,1.05318,3964,BELOW,BELOW,RANGING,RANGING,BEARISH_ENGULFING,RANGING
2017.02.21,15:00,1.05319,1.05409,1.05298,1.05372,4377,BELOW,BELOW,RANGING,RANGING,BEARISH_ENGULFING,+10pips
2017.02.21,16:00,1.05371,1.05499,1.05258,1.05416,6653,BELOW,BELOW,RANGING,RANGING,NONE,RANGING
2017.02.21,17:00,1.05419,1.05462,1.05324,1.05371,6100,BELOW,BELOW,RANGING,RANGING,NONE,+10pips
2017.02.21,18:00,1.05373,1.05521,1.05276,1.05505,5084,ABOVE,BELOW,RANGING,RANGING,NONE,RANGING
2017.02.21,19:00,1.05505,1.05514,1.05429,1.05438,2592,ABOVE,BELOW,RANGING,RANGING,NONE,RANGING
2017.02.21,20:00,1.05435,1.05492,1.05389,1.05417,2157,ABOVE,BELOW,RANGING,RANGING,NONE,RANGING
2017.02.21,21:00,1.05418,1.05516,1.05409,1.05477,2010,ABOVE,BELOW,RANGING,RANGING,NONE,RANGING
2017.02.21,22:00,1.05478,1.05499,1.05444,1.05449,1694,ABOVE,BELOW,RANGING,RANGING,NONE,-10pips
2017.02.21,23:00,1.05448,1.0545,1.05341,1.0536,1315,BELOW,BELOW,RANGING,RANGING,NONE,RANGING
2017.02.22,0:00,1.05354,1.05437,1.05337,1.05349,1613,BELOW,BELOW,RANGING,RANGING,NONE,RANGING
2017.02.22,1:00,1.05349,1.05436,1.05349,1.05409,1580,BELOW,BELOW,RANGING,RANGING,NONE,RANGING
2017.02.22,2:00,1.05411,1.05496,1.05408,1.05438,3437,ABOVE,BELOW,RANGING,RANGING,NONE,+10pips
2017.02.22,3:00,1.05437,1.05563,1.05433,1.05492,3300,ABOVE,ABOVE,RANGING,RANGING,NONE,RANGING
2017.02.22,4:00,1.05489,1.05533,1.05466,1.05525,2501,ABOVE,ABOVE,UPTREND,RANGING,NONE,RANGING
2017.02.22,5:00,1.05526,1.05526,1.05441,1.05471,2207,ABOVE,ABOVE,RANGING,RANGING,NONE,RANGING
2017.02.22,6:00,1.05469,1.05475,1.05439,1.05453,1730,ABOVE,ABOVE,RANGING,RANGING,NONE,RANGING
2017.02.22,7:00,1.05453,1.05458,1.05429,1.05446,1478,ABOVE,ABOVE,RANGING,RANGING,NONE,-10pips
2017.02.22,8:00,1.05446,1.0545,1.05198,1.05264,3426,BELOW,BELOW,DOWNTREND,RANGING,NONE,-10pips
2017.02.22,9:00,1.05265,1.05287,1.05051,1.05083,4415,BELOW,BELOW,DOWNTREND,RANGING,BEARISH_ENGULFING,-10pips
2017.02.22,10:00,1.0508,1.0512,1.04978,1.05018,5363,BELOW,BELOW,DOWNTREND,RANGING,NONE,+10pips
2017.02.22,11:00,1.05019,1.05195,1.05014,1.0509,5659,BELOW,BELOW,RANGING,RANGING,NONE,-10pips
2017.02.22,12:00,1.0509,1.05108,1.04942,1.05062,5050,BELOW,BELOW,RANGING,RANGING,NONE,-10pips
2017.02.22,13:00,1.05061,1.05079,1.04937,1.04992,3775,BELOW,BELOW,RANGING,RANGING,NONE,+10pips
2017.02.22,14:00,1.04992,1.05139,1.04956,1.05138,3838,BELOW,BELOW,RANGING,RANGING,NONE,RANGING
2017.02.22,15:00,1.05139,1.05169,1.05077,1.05143,4299,BELOW,BELOW,RANGING,RANGING,NONE,RANGING
2017.02.22,16:00,1.05144,1.0521,1.05063,1.05071,4997,BELOW,BELOW,RANGING,RANGING,BEARISH_ENGULFING,+10pips
2017.02.22,17:00,1.05072,1.05494,1.04963,1.05486,9666,ABOVE,ABOVE,RANGING,RANGING,NONE,+10pips
2017.02.22,18:00,1.05486,1.05597,1.05323,1.05545,6618,ABOVE,ABOVE,RANGING,RANGING,NONE,+10pips
2017.02.22,19:00,1.05544,1.05656,1.05431,1.05464,4368,ABOVE,ABOVE,RANGING,RANGING,NONE,-10pips
2017.02.22,20:00,1.05464,1.05486,1.0534,1.05374,3367,ABOVE,ABOVE,RANGING,RANGING,NONE,+10pips
2017.02.22,21:00,1.05369,1.05724,1.05255,1.05708,8901,ABOVE,ABOVE,RANGING,RANGING,NONE,RANGING
2017.02.22,22:00,1.05708,1.05739,1.0566,1.05662,3037,ABOVE,ABOVE,RANGING,RANGING,NONE,RANGING
2017.02.22,23:00,1.0566,1.05701,1.05563,1.05571,1562,ABOVE,ABOVE,RANGING,RANGING,NONE,-10pips
2017.02.23,0:00,1.05584,1.05619,1.05451,1.05564,2232,ABOVE,ABOVE,RANGING,RANGING,NONE,-10pips
2017.02.23,1:00,1.05559,1.05579,1.05452,1.05506,2119,ABOVE,ABOVE,DOWNTREND,RANGING,NONE,RANGING
2017.02.23,2:00,1.05506,1.05532,1.05443,1.05517,3780,BELOW,ABOVE,RANGING,RANGING,NONE,RANGING
2017.02.23,3:00,1.05519,1.0556,1.05494,1.05526,3426,BELOW,ABOVE,RANGING,RANGING,NONE,RANGING
2017.02.23,4:00,1.05526,1.05546,1.05477,1.05538,2544,BELOW,ABOVE,RANGING,RANGING,NONE,+10pips
2017.02.23,5:00,1.0554,1.0567,1.05522,1.05664,2672,ABOVE,ABOVE,UPTREND,RANGING,NONE,RANGING
2017.02.23,6:00,1.05663,1.05672,1.056,1.05624,1967,ABOVE,ABOVE,RANGING,RANGING,NONE,RANGING
2017.02.23,7:00,1.05623,1.05723,1.05618,1.0566,2746,ABOVE,ABOVE,RANGING,RANGING,NONE,-10pips
2017.02.23,8:00,1.0566,1.05673,1.05528,1.0558,2732,ABOVE,ABOVE,RANGING,RANGING,NONE,-10pips
2017.02.23,9:00,1.05579,1.05607,1.0538,1.05541,4927,BELOW,ABOVE,RANGING,RANGING,NONE,+10pips
2017.02.23,10:00,1.05541,1.05646,1.05497,1.05532,3882,BELOW,ABOVE,RANGING,RANGING,NONE,-10pips
2017.02.23,11:00,1.05534,1.05592,1.05393,1.05466,4398,BELOW,BELOW,DOWNTREND,RANGING,NONE,RANGING
2017.02.23,12:00,1.05466,1.05507,1.05376,1.05461,3072,BELOW,BELOW,DOWNTREND,RANGING,NONE,RANGING
2017.02.23,13:00,1.05461,1.0556,1.05402,1.05524,3232,BELOW,BELOW,RANGING,RANGING,NONE,+10pips
2017.02.23,14:00,1.05525,1.05696,1.05477,1.05685,6963,ABOVE,ABOVE,RANGING,RANGING,NONE,+10pips
2017.02.23,15:00,1.05688,1.05853,1.05622,1.05795,7716,ABOVE,ABOVE,RANGING,RANGING,NONE,RANGING
2017.02.23,16:00,1.05795,1.0588,1.05712,1.05813,5610,ABOVE,ABOVE,UPTREND,RANGING,NONE,+10pips
2017.02.23,17:00,1.05812,1.05952,1.0576,1.05941,5096,ABOVE,ABOVE,UPTREND,RANGING,NONE,-10pips
2017.02.23,18:00,1.05942,1.05942,1.05752,1.05854,5576,ABOVE,ABOVE,RANGING,RANGING,NONE,-10pips
2017.02.23,19:00,1.05854,1.05888,1.05638,1.05665,3129,BELOW,ABOVE,RANGING,RANGING,NONE,RANGING
2017.02.23,20:00,1.05666,1.05737,1.05641,1.05698,2657,ABOVE,ABOVE,RANGING,RANGING,NONE,RANGING
2017.02.23,21:00,1.05698,1.05764,1.05668,1.05724,2129,ABOVE,ABOVE,RANGING,RANGING,NONE,+10pips
2017.02.23,22:00,1.05727,1.05825,1.05725,1.05822,1809,ABOVE,ABOVE,RANGING,RANGING,NONE,RANGING
2017.02.23,23:00,1.05821,1.05858,1.05774,1.05819,1370,ABOVE,ABOVE,RANGING,RANGING,NONE,RANGING
2017.02.24,0:00,1.05818,1.05825,1.05751,1.05776,1167,BELOW,ABOVE,RANGING,RANGING,NONE,RANGING
2017.02.24,1:00,1.05777,1.05862,1.05777,1.05838,1503,ABOVE,ABOVE,RANGING,RANGING,NONE,-10pips
2017.02.24,2:00,1.0584,1.0585,1.05735,1.0574,3306,BELOW,ABOVE,RANGING,RANGING,NONE,RANGING
2017.02.24,3:00,1.05741,1.05766,1.05719,1.05745,2849,BELOW,ABOVE,RANGING,RANGING,NONE,RANGING
2017.02.24,4:00,1.05745,1.05748,1.05695,1.05747,2803,BELOW,ABOVE,RANGING,RANGING,NONE,RANGING
2017.02.24,5:00,1.05748,1.05826,1.05746,1.05815,2392,ABOVE,ABOVE,RANGING,RANGING,NONE,RANGING
2017.02.24,6:00,1.05815,1.05856,1.05806,1.05811,2328,ABOVE,ABOVE,RANGING,RANGING,NONE,RANGING
2017.02.24,7:00,1.0581,1.05832,1.05768,1.05807,2478,ABOVE,ABOVE,RANGING,RANGING,NONE,RANGING
2017.02.24,8:00,1.05806,1.05896,1.05766,1.0589,3067,ABOVE,ABOVE,RANGING,RANGING,NONE,RANGING
2017.02.24,9:00,1.0589,1.05988,1.05847,1.05956,4343,ABOVE,ABOVE,RANGING,RANGING,NONE,-10pips
2017.02.24,10:00,1.05955,1.0604,1.05742,1.05764,5662,BELOW,BELOW,RANGING,RANGING,NONE,+10pips
2017.02.24,11:00,1.05763,1.05954,1.05706,1.05934,5675,ABOVE,ABOVE,RANGING,RANGING,NONE,RANGING
2017.02.24,12:00,1.05933,1.05945,1.05835,1.05925,3846,ABOVE,ABOVE,RANGING,RANGING,NONE,+10pips
2017.02.24,13:00,1.05924,1.06103,1.05888,1.0608,5038,ABOVE,ABOVE,RANGING,RANGING,BULLISH_ENGULFING,RANGING
2017.02.24,14:00,1.06079,1.06179,1.06034,1.06088,5865,ABOVE,ABOVE,RANGING,RANGING,BULLISH_ENGULFING,RANGING
2017.02.24,15:00,1.06089,1.06178,1.06053,1.06138,6379,ABOVE,ABOVE,RANGING,RANGING,NONE,-10pips
2017.02.24,16:00,1.06138,1.06152,1.05655,1.05719,8799,BELOW,BELOW,RANGING,RANGING,NONE,+10pips
2017.02.24,17:00,1.05715,1.05899,1.05666,1.05667,6939,BELOW,BELOW,RANGING,RANGING,NONE,+10pips
2017.02.24,18:00,1.05667,1.0584,1.0566,1.05799,5811,BELOW,BELOW,RANGING,RANGING,NONE,+10pips
2017.02.24,19:00,1.05799,1.05969,1.05655,1.05686,5083,BELOW,BELOW,RANGING,RANGING,NONE,RANGING
2017.02.24,20:00,1.05685,1.05775,1.05685,1.05707,3093,BELOW,BELOW,RANGING,RANGING,NONE,-10pips
2017.02.24,21:00,1.05705,1.05715,1.05571,1.05645,3424,BELOW,BELOW,RANGING,RANGING,NONE,RANGING
2017.02.24,22:00,1.05646,1.05681,1.05575,1.05616,2653,BELOW,BELOW,RANGING,RANGING,NONE,RANGING
2017.02.24,23:00,1.05614,1.05623,1.05566,1.05572,1087,BELOW,BELOW,RANGING,RANGING,NONE,RANGING
2017.02.27,0:00,1.05613,1.05647,1.05592,1.05595,730,BELOW,BELOW,RANGING,RANGING,NONE,RANGING
2017.02.27,1:00,1.05595,1.05646,1.05517,1.05521,4061,BELOW,BELOW,RANGING,RANGING,NONE,+10pips
2017.02.27,2:00,1.05523,1.05674,1.05516,1.05649,4018,ABOVE,BELOW,RANGING,RANGING,NONE,+10pips
2017.02.27,3:00,1.05649,1.0575,1.05622,1.05716,4877,ABOVE,BELOW,RANGING,RANGING,NONE,RANGING
2017.02.27,4:00,1.05717,1.05744,1.05653,1.05653,2749,ABOVE,BELOW,RANGING,RANGING,NONE,RANGING
2017.02.27,5:00,1.05654,1.05674,1.05615,1.05618,2332,BELOW,BELOW,RANGING,RANGING,NONE,RANGING
2017.02.27,6:00,1.05617,1.05709,1.05616,1.05663,3032,ABOVE,BELOW,RANGING,RANGING,NONE,RANGING
2017.02.27,7:00,1.05663,1.0569,1.05631,1.05678,3181,ABOVE,BELOW,RANGING,RANGING,NONE,RANGING
2017.02.27,8:00,1.0568,1.05699,1.05636,1.05683,2450,ABOVE,BELOW,RANGING,RANGING,NONE,+10pips
2017.02.27,9:00,1.05682,1.05823,1.05644,1.05816,4320,ABOVE,ABOVE,UPTREND,RANGING,NONE,-10pips
2017.02.27,10:00,1.05816,1.05877,1.05669,1.05789,5587,ABOVE,ABOVE,RANGING,RANGING,NONE,RANGING
2017.02.27,11:00,1.05789,1.05879,1.05766,1.0586,4917,ABOVE,ABOVE,RANGING,RANGING,NONE,RANGING
2017.02.27,12:00,1.0586,1.05914,1.05786,1.05822,4257,ABOVE,ABOVE,RANGING,RANGING,NONE,RANGING
2017.02.27,13:00,1.05822,1.0587,1.05779,1.0583,3402,ABOVE,ABOVE,RANGING,RANGING,NONE,RANGING
2017.02.27,14:00,1.0583,1.05869,1.05805,1.05808,3047,ABOVE,ABOVE,RANGING,RANGING,NONE,+10pips
2017.02.27,15:00,1.05809,1.06015,1.05809,1.05988,5148,ABOVE,ABOVE,RANGING,RANGING,NONE,RANGING
2017.02.27,16:00,1.05989,1.06081,1.05933,1.05979,5848,ABOVE,ABOVE,RANGING,RANGING,NONE,+10pips
2017.02.27,17:00,1.05982,1.06143,1.0588,1.06134,9366,ABOVE,ABOVE,RANGING,RANGING,NONE,+10pips
2017.02.27,18:00,1.06133,1.06308,1.06115,1.06252,6716,ABOVE,ABOVE,RANGING,RANGING,NONE,-10pips
2017.02.27,19:00,1.0625,1.06291,1.06034,1.06043,4739,ABOVE,ABOVE,RANGING,RANGING,NONE,-10pips
2017.02.27,20:00,1.06043,1.06071,1.0589,1.05916,4410,BELOW,ABOVE,RANGING,RANGING,NONE,-10pips
2017.02.27,21:00,1.05917,1.05956,1.05808,1.05885,3385,BELOW,ABOVE,RANGING,RANGING,NONE,RANGING
2017.02.27,22:00,1.05885,1.05917,1.05842,1.05902,2507,BELOW,ABOVE,RANGING,RANGING,NONE,RANGING
2017.02.27,23:00,1.05901,1.05907,1.05847,1.05865,1301,BELOW,ABOVE,RANGING,RANGING,NONE,RANGING
2017.02.28,0:00,1.05861,1.05905,1.0584,1.05868,1004,BELOW,BELOW,RANGING,RANGING,NONE,RANGING
2017.02.28,1:00,1.05867,1.05874,1.05805,1.05837,1387,BELOW,BELOW,RANGING,RANGING,NONE,-10pips
2017.02.28,2:00,1.05838,1.05857,1.05674,1.05792,4118,BELOW,BELOW,RANGING,RANGING,NONE,RANGING
2017.02.28,3:00,1.05792,1.05864,1.05777,1.05837,3179,BELOW,BELOW,RANGING,RANGING,NONE,RANGING
2017.02.28,4:00,1.05836,1.05866,1.05828,1.05854,2451,BELOW,BELOW,RANGING,RANGING,NONE,RANGING
2017.02.28,5:00,1.05853,1.05906,1.05813,1.05859,2769,BELOW,BELOW,RANGING,RANGING,NONE,RANGING
2017.02.28,6:00,1.0586,1.05921,1.05853,1.05885,2215,ABOVE,BELOW,UPTREND,RANGING,NONE,RANGING
2017.02.28,7:00,1.05885,1.05954,1.05866,1.05948,2788,ABOVE,ABOVE,UPTREND,RANGING,NONE,RANGING
2017.02.28,8:00,1.05944,1.06037,1.05935,1.05976,3877,ABOVE,ABOVE,UPTREND,RANGING,NONE,-10pips
2017.02.28,9:00,1.05975,1.06014,1.05843,1.05947,4617,ABOVE,ABOVE,RANGING,RANGING,NONE,-10pips
2017.02.28,10:00,1.05948,1.05948,1.05762,1.05845,5379,BELOW,BELOW,RANGING,RANGING,NONE,RANGING
2017.02.28,11:00,1.05844,1.05942,1.05803,1.05891,4311,ABOVE,BELOW,RANGING,RANGING,NONE,+10pips
2017.02.28,12:00,1.05892,1.06046,1.05847,1.05955,4747,ABOVE,ABOVE,RANGING,RANGING,NONE,+10pips
2017.02.28,13:00,1.05958,1.06078,1.05937,1.06026,4355,ABOVE,ABOVE,RANGING,RANGING,NONE,-10pips
2017.02.28,14:00,1.06023,1.06057,1.05837,1.05843,4542,BELOW,BELOW,RANGING,RANGING,NONE,+10pips
2017.02.28,15:00,1.05844,1.06075,1.05843,1.05952,6780,ABOVE,ABOVE,RANGING,RANGING,NONE,+10pips
2017.02.28,16:00,1.05952,1.06067,1.05914,1.06059,5869,ABOVE,ABOVE,RANGING,RANGING,NONE,+10pips
2017.02.28,17:00,1.06059,1.06302,1.06,1.06254,9138,ABOVE,ABOVE,RANGING,RANGING,NONE,-10pips
2017.02.28,18:00,1.06256,1.06301,1.06119,1.06172,6474,ABOVE,ABOVE,RANGING,RANGING,NONE,-10pips
2017.02.28,19:00,1.06171,1.06253,1.06049,1.06074,4999,ABOVE,ABOVE,RANGING,RANGING,NONE,RANGING
2017.02.28,20:00,1.06073,1.06106,1.05976,1.06016,3761,BELOW,ABOVE,RANGING,RANGING,NONE,-10pips
2017.02.28,21:00,1.06013,1.0605,1.05912,1.05922,4289,BELOW,BELOW,DOWNTREND,RANGING,NONE,RANGING
2017.02.28,22:00,1.05919,1.0598,1.05864,1.05947,4845,BELOW,BELOW,RANGING,RANGING,NONE,-10pips
